"","x_1","x_2","x_3","x_4","x_5","x_6","x_7","x_8","x_10","x_11"
"1",31.4362358067026,34.9614973565013,26337.8870961846,4,130.267348192714,94.5601181324594,1.43466078558944,3.48170163056316,6.70859809507409,20.9924889772723
"2",14.0161415888883,16.7404142781307,4425.98269580173,1,54.8520370488565,38.9269791401222,55.8632276751478,3.05259985806377,1.07983853861537,0.59353728672436
"3",16.5285374478227,19.5832472131255,5276.05452959566,4,70.3963999445574,47.8574111407405,3.75812457395253,2.701831093646,-13.5093178893267,201.19873837752
"4",17.938535244316,20.550285638581,8067.04607583676,4,70.8543823607053,51.438241433677,2.0149075774255,2.91956812830199,1.44848490684609,0.294619296636225
"5",15.1466332944026,17.7296102483747,5429.50948311875,4,60.0609775619441,44.1725014272134,4.52476106638743,2.35920448758082,16.9743013678702,325.103256826802
"6",15.2636002738595,17.0994251087045,5431.76713631126,1,63.1259079802521,46.9671960515633,62.2958320648665,2.59653158540153,-3.18446735660227,26.7764885464092
"7",23.7406967014528,28.4785608365297,20904.334964083,3,93.0806620091241,63.1834270065933,4.61378777524745,2.73201038747525,15.5539954755393,286.713684723986
"8",19.4152238705642,22.1611465203747,9340.65676585747,3,78.0856938806322,59.6343733361676,4.48685908996217,2.9202938531246,-0.28261839548747,0.246651841234966
"9",20.7632881314112,22.7895695081627,14599.7721779631,1,81.721958378639,63.3147968269336,85.2188988119417,2.74210146599184,13.2387337114047,172.478856113491
"10",30.9498905366469,35.0610894832724,36184.1401291954,3,119.334455171974,91.793799316609,2.96341529536233,3.32970453081387,-20.8224605749428,322.653194340398
"11",21.7849311516451,25.7584302080686,13782.215066871,1,84.6517458905544,63.3276377575793,84.7700591273233,3.17006468767609,1.54720343781061,1.44689620955615
"12",33.5837589156536,37.840887591501,63915.4132874068,2,137.494843288262,98.8487379576362,101.042426202665,3.39264163540518,-5.35522461406223,27.0900874290572
"13",31.4072596299478,36.1835472131975,32735.3463521904,2,126.562904690415,91.8147771218265,91.5636152391796,3.57446499175104,-9.58648555975918,71.7825439896524
"14",21.6201027006926,21.9369341784424,14015.8703808564,1,86.158416312847,65.0635435267755,86.9631555427602,3.04477320015983,11.9581366919724,191.671136945391
"15",29.4803353340497,33.1401984091953,34010.2898251642,1,113.84403700613,87.4613549029576,114.256213792158,3.5492889050401,-2.27653386922628,4.82021137778282
"16",22.3384025566085,26.5178522234588,19068.6831858953,4,84.9288665267481,66.8531143443253,2.819004371742,2.9983999143645,15.1219330981916,222.67759337945
"17",15.5309963845728,18.9245101610349,3166.01068262393,2,59.2261917339998,47.420684510047,46.198814686997,2.63436437139653,-2.82016848636901,1.89821018791967
"18",18.463358502314,20.2734998352337,12451.2256891297,2,72.5117113120768,54.1083170263776,54.0121249296775,2.98630758723413,-7.84927670256838,60.8026695550543
"19",19.9758878886621,22.6193605233735,9202.32581896836,3,78.7234610407735,68.0215835371993,3.14964873663134,2.95020079678997,-6.62486784611321,12.6617602617019
"20",24.9408207474997,26.4753127035553,31356.7261510959,3,97.782581047356,79.0589070137009,3.05266282836053,3.15489527317137,-24.6745200486852,627.174259617252
"21",24.1987517981204,26.1080216460248,20496.5027799222,3,97.7460705914696,72.7508786963862,4.02490874577194,3.29639104626804,24.7233479705582,722.299337202965
"22",23.5267091545275,25.8694549388958,19715.0680932673,2,92.3536716141673,72.2774699672864,72.118815821298,3.4104304052844,6.10493317495167,61.3903773098841
"23",26.5298236040584,31.7927646080005,28273.3891975784,3,101.027341835606,77.322310233316,4.28384077809955,3.37475803095827,7.02758701963145,14.9573957659301
"24",13.0600189170357,16.1477089465079,3327.11735073624,2,49.7799974451774,38.7035834899269,38.4206605840313,2.62677640586695,3.24288966555796,35.0011196397149
"25",26.3645843212762,30.1321073228929,14338.2420910829,2,106.880205630726,76.4506225662102,77.7670435214123,3.19997895598181,14.7165035308287,152.715204549796
"26",20.9209638561788,23.3078063922143,15060.5895063953,4,82.2106453544359,59.5987589782807,3.48358101369123,2.94580406860848,3.48715523388273,23.0941159247608
"27",23.7613994787002,26.9139024486111,7758.2854414912,1,94.0629957501894,74.3498312988712,95.4369197606405,3.12600733527609,-2.99917425273638,5.93153834667097
"28",22.9587252623136,25.3670178155423,21287.4627690938,3,90.1797336331923,75.5244930499015,2.92767356010464,2.85720697141173,-12.2924445040428,135.170064654706
"29",15.0847370211449,17.1240320540388,3306.87646712884,3,58.5008565179282,47.9748492171715,5.27916391433967,2.5902921237259,-7.34730883902787,38.3558012980004
"30",18.61968022444,21.0347222295228,7949.5350654595,3,78.8558958958924,53.0666543973409,3.04894543698519,2.7966388995551,3.5478197411306,0.672941037135453
"31",15.645744887157,19.302417776498,6392.19700696634,3,60.4600245067354,49.1770660883107,1.37985006802993,2.89622542357959,-0.219586382550082,0.0138423081012823
"32",23.5935527654212,26.3033031774275,23323.8126157818,4,98.8831120535164,64.495276349659,4.19540343253529,3.15904008440368,10.6298457413678,136.198522409865
"33",20.5532643888467,24.4573621177752,11139.561221335,3,82.0170444649531,61.7151460870316,5.66612651460044,2.982639590746,2.79729962503705,0.0263831538401187
"34",19.6076661601415,22.8066863838441,10039.1617908652,4,75.6404144023704,64.017118803541,2.0271300103406,2.79936667380511,-9.87259049657094,101.370530901504
"35",17.89754770329,20.8459728964125,12028.1384723643,1,71.4969983285177,56.3525940224627,72.5643360979426,3.08718456054758,-1.35188921491535,6.32936975841326
"36",17.1893706185737,19.2811654390876,7939.43457487572,4,64.5536740556544,46.7378105209089,3.20204133984434,2.93551615411552,-0.407157050760287,1.19118092873769
"37",24.9875672237765,26.8450888843634,13809.7602947377,2,99.9514386691021,78.5970426598507,79.3880720861045,3.4518083788709,9.68470045909442,79.7839461339168
"38",14.4743497059337,18.4646746416984,2785.44265544547,2,57.2415349918338,43.9686503316647,44.8417131810981,2.49043157989595,3.49619328613674,27.7202046689507
"39",19.2885608461271,22.4008341238405,15310.4918965028,4,79.2751322426763,59.718240277335,1.05503912037151,2.84265105859048,3.11404504791781,5.59321022722127
"40",21.5749745244396,25.7246061986008,17664.8106443587,3,86.7498252880058,64.9062128290167,3.48855262831257,2.68643960720345,-2.41691177385132,5.20321019789427
"41",26.0927526725367,28.1822573486373,29616.697315153,4,104.143168518559,75.7640679466737,3.58864340872118,3.25986120197617,-7.68990017364894,48.9002536044704
"42",16.5034146065724,18.3995948900568,3206.97502204749,4,65.6601078549875,43.330965385803,0.616677269723699,2.82042290900775,-7.45958336265453,73.8487730048861
"43",18.5728362423564,19.9379689360275,3953.23985462811,3,75.5038815582286,57.8051601211994,1.98833469973448,2.80719752105338,18.4177037926963,481.236340900533
"44",13.4422366369531,14.8258541427479,3636.28329191197,4,53.0947826063275,40.5156060196984,1.95470284162918,2.56038030889408,0.492011837768354,0.000874505463711963
"45",18.0449378427537,20.208200835267,4527.1168855027,2,69.7575900786351,52.2380667734058,51.7327506759187,2.95515257935231,-1.50559348171166,4.49619954497265
"46",17.9923669345251,22.0853660500996,6176.06481494888,2,69.1607217614985,48.3032954245823,47.7137325687449,2.79784916687202,11.6536436198421,292.429270780355
"47",26.7525879046148,30.9876860848163,16834.7408735824,2,114.858773440948,84.1624561930816,84.8846787498913,3.28226899353324,8.15701904117667,86.3938616986037
"48",22.9559501354461,26.1280167370927,15625.6004833295,3,89.39993581372,71.8042263351754,2.87841306979112,3.33663229207718,6.83765171715446,75.9874722951746
"49",20.5026272781428,23.6231204483818,5577.65502887372,2,77.4166640362284,66.8653309405261,67.0795713725581,3.18535897100545,-11.0088481208922,109.706651274987
"50",24.6553599776005,28.2128926479353,12364.8724671114,1,95.4225003126765,75.0906442860106,94.6100358000987,3.01698336959828,9.28802102233388,52.1498084326465
"51",18.6862882571673,22.1776714191985,12237.5995504939,1,80.1555695108669,58.799613246314,80.6324452461314,2.93430727636557,6.60729690454351,18.2344171129213
"52",19.9616594764367,22.8926468520601,21152.1330008448,4,85.8991169934727,61.7402035240067,3.88784281106171,2.84532275645228,13.8287359663183,161.000178768224
"53",21.8357650327282,23.4849687178143,11534.5526887029,2,92.8704722857092,68.9958530065144,69.5541215880433,3.01343827791611,-0.837712584593784,1.27857614185341
"54",28.535812725688,32.3351702968717,34546.6242977098,4,116.422413439628,90.5090543685688,2.44015471817404,3.38534805552696,-8.19087658805877,99.3669890737068
"55",23.6187013126419,26.2986072356185,12241.6863858562,4,96.719459009289,69.2154478647905,3.24861333867236,3.36868195615647,16.3462914392649,222.539731572088
"56",22.4051802435396,25.0482290541616,13896.7105031911,3,87.8222497782685,69.6878912453821,2.5946248898207,3.04356768336779,4.8082998732602,39.5612150939247
"57",12.1606587788737,14.6499308410267,1731.9545442028,1,46.7493133079741,33.0996531430623,46.3000947350576,2.50119167231446,1.42464000341382,0.00430176611511381
"58",21.5912514174041,22.7123713349543,10954.4842160412,2,81.8396247095203,60.9402970043363,60.7541012996852,3.01311105651078,-20.9198133204846,486.714696480943
"59",20.8299572533868,22.8781121635078,11647.4768638491,3,81.796126411098,58.750595497632,2.4222402023358,3.03110953399291,-3.33916721394135,3.13620716911355
"60",15.5004618518591,20.7736184667906,12238.7195582108,4,61.3071310506786,40.2773947206417,5.75717687532647,2.79252047874302,-19.7350399185928,305.577447841338
"61",20.3818573693029,23.5845449993001,14035.5024204221,3,80.3525820628709,63.1163156760897,4.09065381250844,2.84250966496936,-4.186096001232,24.2968357835061
"62",20.7957763913136,21.487221693443,12267.6750987068,3,84.7358823266263,63.6892300489444,3.07430544914609,3.09975239346036,-1.73690228479582,11.273718619344
"63",22.7183709235485,25.6617352602102,21084.3084831828,2,94.6738811939398,69.8697482053979,69.0224136336842,2.94927574016919,8.82833645188304,112.200629152438
"64",23.5240367630652,26.5868806051108,23493.9570427674,1,96.475674957308,75.4468723735141,96.0820685116859,3.24999739608814,0.852199610584233,11.464098886817
"65",21.5948457127855,25.305073850177,10246.3711362404,1,85.0986713285377,69.8302870442235,84.0019115006337,3.27859189692129,-7.00061583669802,8.3926875112684
"66",25.5462489448553,27.9539415475438,20510.4740429185,4,104.587918243266,80.437329064213,3.31816937006593,3.41770692660823,7.73886693361272,69.0685321533201
"67",23.8457709732856,27.144295603589,12671.9587666839,1,91.6411862045722,66.3391713453529,92.9156498547207,3.31581302844518,4.649387260687,36.6869996613992
"68",25.7673683738947,29.4099040006065,22737.410986074,4,102.498620259013,74.2510908094616,3.56038293817781,3.21158075020025,-8.2645422604667,94.7786679949379
"69",26.3034175134047,31.4162126089788,19700.6422973207,3,102.937599942868,76.8183569858058,2.33275435960707,3.23816023189504,6.29006779761463,18.6149159942175
"70",23.5031175328616,27.4208971660271,8103.31312043418,1,96.3106798999635,68.2028381569966,96.5854029758979,3.10223195843206,13.6394005527111,129.171498131017
"71",22.1631358042298,23.5902810513544,13224.7955600323,4,90.8128725873233,67.0284544395602,3.20266275369511,3.13281490994861,5.80868509958924,9.80725712667952
"72",15.3869914087154,19.3796331401319,3494.16412820821,3,60.6371121758323,46.1899910287728,1.11715091481694,2.74145853052751,5.62906091454211,30.475150170722
"73",16.9220789668454,20.4015998381302,6763.81262013947,2,69.1038271061307,49.963549629594,49.8845678755547,3.11524218788445,3.78316450443307,10.8404789138695
"74",15.6667015587431,18.3701210033271,5294.0244337493,1,60.5394083259212,45.3052955917497,61.4229200944026,2.76794378273606,-2.77674794595092,0.496183151101683
"75",11.8024145640943,15.6182547988135,2307.61856040663,3,47.9525125551771,36.4813659551479,2.85171357245041,2.29146374534878,10.0644559139714,87.4974675402662
"76",13.3708037807829,15.3710321677249,1111.7362855192,4,54.1487552995932,38.268269107286,2.36914093463841,2.73009066229949,-1.48997357711416,3.84530675837702
"77",15.5548163618101,19.104026656193,3218.43509344812,4,58.9979149445203,50.2714605482714,3.46159460212575,2.44741210464043,-0.825317071319794,61.591320789307
"78",17.2119883484894,20.4917595529447,4871.68891676264,2,70.7183822078359,55.3775746110539,55.0360543316059,2.9548263800036,-5.68692383257094,40.1244737655448
"79",19.6879884558083,23.6046243455632,9735.74510266448,1,77.6961360026369,61.9410631176404,79.2961083806275,2.96136055084949,5.37914717013923,13.8248778362952
"80",32.1134648857971,33.3822076280136,34970.2290471695,1,124.078703611571,95.0235848008317,124.36927841262,3.72864458823934,1.65150531085927,0.568429228057804
"81",21.7129267507365,23.2333456839172,9414.18661540768,2,89.1603064075054,65.4835784482352,67.2579895254535,3.14673783726643,-9.05443025547796,70.8328080116821
"82",20.0212411812607,25.2510522086455,5184.46118464016,1,77.8797054388432,62.575135869094,76.3369861147723,2.84583865637888,2.36923088447407,0.806750257805028
"83",20.1460992100083,23.5325981564562,13378.3992182817,2,81.8851229408438,61.239110393395,61.4265172585937,3.21399338192424,-10.4324026254723,129.915862423065
"84",18.0328828543935,21.6931485419405,6724.15441305174,2,71.2237474612006,50.3400875054948,50.8912566618357,2.78731591870507,-9.63411891439037,143.661443449796
"85",16.0364771860554,18.7602419763621,2574.46670495426,2,65.4626215675451,54.6682924228291,54.401938426295,2.86856887609344,3.31728666129112,33.7547828214521
"86",18.4414906735241,21.7174236720341,13279.2666703704,1,77.0852691660458,52.1916884236773,77.9909667200335,2.85137981639848,-10.0594536822901,148.999646628428
"87",18.2696570410957,18.9954258395848,9795.63215622907,4,75.8975095795173,52.2849320477614,2.69123287336799,2.99530512010538,-8.34719169095069,89.8834223666554
"88",18.4769620587734,22.3850477987214,5357.86105081296,3,76.360916559846,53.6353532536696,2.80309607712742,2.77103654576564,9.6034318310125,141.588635095182
"89",11.0705325627774,12.9842794544937,4382.87736454262,2,44.1012741340602,36.9458194492283,36.1196192080034,2.21825564299719,2.96867078793897,6.84669998946348
"90",22.9363733592898,25.7208466446789,12155.6240201984,2,96.841518427836,69.799361651565,69.326826606267,3.13045939957964,0.883340482292161,3.87650193194855
"91",28.178972172233,30.4455447960187,27443.5944088147,3,112.207532239266,81.3956403026086,3.36591780230639,3.08328492877391,0.787816255390773,2.6429492351869
"92",16.772882631828,19.9850004669417,6195.40233052058,2,63.9121375674971,52.9710159096319,53.3104751604088,3.049714036304,-11.9228593831679,111.829686096576
"93",23.0949608439367,25.1558189405039,24371.0553162333,4,91.3759510028231,71.0767096341716,2.37993849556179,3.11339655672487,2.31161902959103,5.9115342944425
"94",21.1819679920066,23.5627743553428,5338.54638996844,3,83.7534663289016,64.2889909916565,4.39647911834727,3.13324657508705,4.46784874104605,12.6350036660768
"95",24.2325044937582,27.4765156516774,26645.8648295909,4,95.7082381368007,71.7013134866039,3.41889349216385,3.53717737890701,17.7441300422215,448.611649775269
"96",17.1317713057515,20.503514689177,5228.28380301114,2,67.1744512938385,55.1956883233621,55.3818841034878,2.93988782553201,-0.272318940709697,44.2181157657319
"97",25.5899660199809,29.2171742387359,23403.4995886704,2,99.8602480517199,77.5632889408956,76.6446356528465,3.09690991161706,-2.56344163912992,10.4400766154602
"98",12.2999943403349,14.2268804144536,6445.0871859649,1,49.6562527782944,31.9523982721654,49.1058457827257,2.54930044691847,3.7296472994437,10.5457784760401
"99",17.8093805034996,20.1006877892676,9286.65378327888,2,72.4440406816214,52.4520408873031,51.8519373862943,2.72447389497152,-8.47524365720866,56.6236190540226
"100",19.2466351455178,23.1537668173019,6866.76607218396,3,79.4283059674356,57.5287969105412,2.20688153472099,2.93202858068238,-3.36151173789746,33.3754729789646
"101",22.5952918263648,25.2755861878721,23454.224257081,2,88.7105059267099,65.3294614648662,65.4363566941694,3.19976301107551,7.54060184125611,37.92967186409
"102",22.9376985245095,27.1027644654638,14493.7929134109,2,91.2811018259241,66.9858424202091,66.9579579935335,2.89174046404519,-13.7547843385037,238.006872233438
"103",19.6033346947239,21.981624145871,14744.2222551488,3,82.4192819564191,57.8099613463518,1.90740535640031,3.31052320199483,-12.1890115220335,155.85851222103
"104",14.1281949256531,18.3764081154007,6742.36277097479,4,58.5549333410665,37.3347366664327,1.58578854990864,2.65235390171384,5.55863078174185,80.0658332199992
"105",21.5436105881919,25.9840121299499,12791.4289381511,2,83.4594966072137,60.7968907929783,61.6020198418451,3.21153504155141,-6.10348211168684,31.1107189963973
"106",11.9806072865825,15.7426007246342,905.789978326417,2,46.8663333376789,39.0790589505382,38.5566168794032,2.51560366737055,-3.3150474750806,4.49753502692524
"107",24.9564481252636,28.5158193603071,27297.0189955691,4,95.134952487122,74.334336796314,1.9600418243417,3.05196797862338,-2.55033213085994,4.32917384780578
"108",25.1161022235018,29.7153660295632,38744.4665754465,4,101.702597292739,78.176769656188,0.604625775595526,3.3902868376364,-4.54952396168724,18.5882453326054
"109",24.2007271944174,27.1022694595677,22669.6984943308,1,96.102309273491,73.3893835739467,96.2134852916002,3.01414439352435,-9.18569789055287,100.555528859382
"110",20.6003930397786,22.1508392556941,6947.2610766671,1,86.7037829309835,66.6702511359887,86.6321979022499,3.14649588543232,-8.45072933583122,43.0738607400062
"111",17.8687247227715,20.6110634167489,6212.96684844865,4,70.7309761912996,54.2428229644895,2.35036064407901,2.8269611558033,2.60019290357578,7.99586861187626
"112",22.2946312175201,23.2615598869843,15871.2719639606,3,92.0947485071188,65.0298953370953,4.1447429574623,3.30525672515162,-12.5229611323889,175.915603537453
"113",23.2252397384696,26.8122039099914,20508.6765132862,2,92.2782237807768,66.8509897644497,66.8245000584723,3.26725881627775,-13.092991545109,196.096740177343
"114",23.057652746451,26.2182392789484,6401.46696547006,3,94.9574197793202,67.323489850238,2.93009186690906,3.3470638491012,16.9518462111914,200.232873210268
"115",15.553943530656,18.6670963987546,4249.90034035061,4,61.6508221978071,43.827643238039,3.25844003863227,2.74733799329627,-5.11471709243836,119.299691553672
"116",27.7194617434611,31.2911523503684,19235.0286883119,2,110.006832828563,79.8240089423569,80.6659309005069,3.53855484300675,-11.6140710914727,114.550222690173
"117",13.7911819755748,15.8256523213763,2851.86644655807,2,55.5832056488067,37.9464070783098,37.9912875910255,2.79402550952368,-6.63710542697511,41.0689435019213
"118",25.5172367019564,28.8352378549684,23009.0498867052,3,99.068943691111,77.8590065388538,4.71618396996751,3.0097974921982,-8.17996319292211,119.508455444548
"119",24.9138617833779,27.7403541935462,22376.2844431547,1,99.0284251879639,75.2946534045463,98.9552241698277,3.36258772011274,9.39335045696728,89.0227435086128
"120",21.521635870166,23.6090246892733,15322.5135314069,3,86.4961544670306,63.9934723187578,1.8619572838486,2.9015347211921,-11.3512882450744,84.4372611149319
"121",12.2264089190235,13.3795141464115,1430.37814596587,4,48.6307562628749,36.3491956682188,5.44722578255399,2.56564964219407,-4.41767734502849,17.0946743895828
"122",27.8494538820016,31.5189719000662,21600.8928728418,4,112.563771349332,91.9047707888206,1.74000792866916,3.31972010076603,2.06122258776284,7.46977199467039
"123",23.4422484664204,26.3334619475748,17995.2609099766,3,92.2555245439751,72.0720372808291,2.0191090015597,3.10334372938715,10.4636277340304,90.5695581297439
"124",19.1119817052421,23.6785570565736,6535.82483295594,1,71.7646605683654,51.4633846402407,72.8434922014435,2.99180209695812,-9.42419940688898,94.514868760344
"125",23.6460063296454,25.8011610979809,19108.8108477539,4,95.4289757696393,73.3631484449829,2.10330058631781,3.31169990207989,-3.39915336737183,14.161216588969
"126",27.6662546572357,31.7639039416859,32528.8640294893,1,113.312387851727,80.465067881625,113.568440909891,3.18277027216876,19.4957098865265,478.600846500996
"127",22.5328922400269,25.8337725828046,10240.9514235932,3,93.3163097139116,71.4433583338293,2.55217698280305,2.95870597198754,-1.99466574449751,8.90531569477575
"128",20.1666383813165,22.3896721291517,9568.70646763834,4,82.1602608164963,64.9073638496333,4.29606537481603,2.9073983417251,5.0997901375612,14.325891419212
"129",12.6622464243121,15.6238122456606,2997.6406868363,2,57.6527462010066,38.2834190379741,37.6314058465449,2.60493926037357,0.243812144562056,1.07786059236676
"130",25.0957885796451,29.205278148518,24285.4670926399,4,101.564584148315,68.9253139175893,3.35336589557324,3.15649689065829,-2.18272576639806,1.88940870686995
"131",17.0333033338828,20.5696285994023,8186.49358168223,1,64.7490468866345,47.0071523449772,64.6621934765893,2.9156122658351,6.0167533263568,15.7263405633912
"132",24.062049449804,26.6987009916434,15236.0954969041,2,96.133967045852,69.2405504417555,67.9304359378316,3.12464897911872,-9.91681780252682,65.7029256005972
"133",24.3308391515262,27.2253384400045,16510.2238126415,3,95.2414913857214,74.0415802235269,4.00514714345863,3.3314549284088,12.0521812428326,137.739613086211
"134",21.8415415162039,25.1754161590427,11685.7257191277,3,88.0817338150849,67.0520232351512,3.62135920523281,3.0305200285249,1.33943411731682,4.50610624998414
"135",25.6740954930938,29.4843265453272,28178.3633476496,4,106.199051000546,72.1699860108452,3.40945946753195,3.24971222483803,10.3797533628066,96.7371559668977
"136",16.2145035996604,17.5308082167444,9616.92043507893,3,59.6151721947059,50.8353411492127,2.72940484778178,2.72738132581781,-0.217050595425939,4.46252589037118
"137",22.2261028444934,25.8918306874337,18118.1672357387,4,89.3457632740857,68.5471870241923,3.66289722080309,3.08670987203721,3.89352063859247,32.0581657756054
"138",24.5796647192639,26.7872771843617,28833.2154775782,1,99.8159811215239,79.6022808235178,101.094744470915,3.00820974816957,0.000629552318174329,0.114587654436036
"139",21.3487937120908,25.8765170153222,11662.1503884887,3,83.595093153011,65.3994819242964,3.50925633432924,2.63184591206728,-11.6579334350172,81.4520941837852
"140",25.0377022444198,26.5510098462267,23992.6292160215,3,100.408412474543,72.6834451275187,4.59470077284697,3.20498839947435,-5.60981911304871,2.76143199165489
"141",12.6928336753859,15.0216850939417,2903.76930348372,4,49.6258327809385,39.8238340023155,3.96183499622488,2.4935616727353,-6.06653304983449,8.79927449951462
"142",15.6260719463034,20.3012493928699,7378.17329409255,1,61.9324485610308,45.6091347420899,60.1360752280529,2.65085408840699,-8.2787497252605,13.7222266427714
"143",20.8261446917883,24.4380767525221,17570.2844516386,3,83.9553306514129,60.4308874103222,4.30079000639115,2.86730360751204,-4.43318364052875,33.6876742579501
"144",21.0360351337707,23.8038294881076,32524.4264467821,1,80.6198471308264,62.3573217571006,82.986691197222,2.68074489097147,-6.86807012350724,65.9419791141212
"145",22.4118094539688,26.0171027724361,18294.6176581477,4,88.15752198078,68.7908229379252,1.88167376427673,3.05078427993914,-0.11353813034757,4.45417832179451
"146",19.6417081259597,21.4826020019573,11676.0559916187,2,77.5723076255052,63.6604455752687,62.4125482139324,3.22945081201648,2.62883271478983,33.9394173796667
"147",15.555357873119,17.3909286013136,2985.84080320536,2,59.9885058495168,42.5672581312397,42.3577370067534,2.67403972497954,7.39563026425797,56.4688236686868
"148",22.429717851071,24.5597929036025,17433.4840104732,2,92.7898672086349,71.6716502799046,71.0758846102051,2.88356152959076,-7.59691569097973,58.0402781122659
"149",21.7024837861806,24.4413780686637,12648.3959221537,2,82.7330565740478,66.3889478333587,69.084957265591,2.95892098026729,5.81102059986793,24.8215048067212
"150",14.5103790300671,17.0161833656697,2124.48859172361,1,58.0304292213699,44.9443595540655,58.0940085164281,2.48067103601114,0.638420180190433,0.676192793831417
"151",18.2215277861068,19.9157050547726,17929.0508845716,1,74.0486720790574,52.4061042739369,73.690121456632,2.7258420801708,3.84332040862201,37.7356456821302
"152",25.4865020536177,30.5099146743533,11021.4129283962,3,102.215289139508,75.8411493771838,2.51434140982934,2.82104818628325,4.05756386681525,28.317615140049
"153",15.4665401500376,17.7108913288069,6262.73039678217,4,60.6978457182801,45.7872853507929,4.99641873323415,3.01878950478123,6.03260468461026,43.8090325711434
"154",18.9627168793123,21.7211222603905,3391.68238189834,3,82.3855891047007,54.8099657682998,4.05833667390859,2.98472355000283,-1.04105475479843,0.0267771332592146
"155",23.3943071702351,27.491466069568,20955.4003344352,4,93.6630465582718,71.5580208267445,1.44285906460873,3.03612174588114,0.401521730051589,20.9499522673039
"156",16.0110612938762,18.0644485427288,4791.37630575378,2,67.4343176782721,38.4494038198954,38.1775433845659,3.08857811239608,2.98477842790639,29.0320225939663
"157",12.0423053101124,13.908345388843,2662.29690349065,2,45.5822524678458,32.2233675692638,33.8603064044791,2.5456732370056,-12.1745443375288,185.048375185134
"158",25.9017406225882,28.0183570998512,13045.9770769642,4,103.854515806465,80.8123332584573,3.09549340085497,3.47789057302726,3.22362744660288,9.4753212326235
"159",26.1128464491907,29.6292598477809,23002.8406435701,4,100.882838251774,74.2628967503536,2.34844483532885,3.31601992497146,5.64164178215105,20.8755401453505
"160",19.9454540672008,22.6074986683976,9966.92673725673,3,76.1459901121127,61.6276287542049,3.30862619611709,3.30201304601218,4.8779665801985,17.9238368008812
"161",21.7276123287386,24.7051604725815,23186.7385105908,2,83.4903735273923,68.9434426868063,68.9484078007623,3.16915977388211,-8.7163630498466,98.0272922333507
"162",20.470945790243,23.3688948325304,19326.3436710202,2,80.2845395365071,62.1395673516509,63.3721676619917,3.12506615716157,2.70530751177891,13.3718004642862
"163",20.0339668393688,23.3343754360706,10400.9627470611,3,75.8567190939793,56.1386139574353,2.68283913491565,3.12260511288394,7.95230541295728,67.1266859438641
"164",23.713114390496,27.5197348034901,15160.3163157477,3,96.2138847789157,71.7026907438497,3.41595176810046,3.2914024679196,4.92674169005744,43.0001459974437
"165",25.2109326808081,28.1737267862527,20024.2295510762,1,101.515535133548,80.4720749563178,101.374493765464,3.06665354244914,9.73731104262159,62.402384841706
"166",18.4033143088481,19.9468383164964,4441.8564491068,2,68.3498258703756,59.2321483927491,58.2154427296158,2.93558349765402,-13.2236749702104,168.791339387802
"167",21.6132169811174,23.9893263344794,11914.5569450439,4,86.6787112742381,72.0004911133088,3.25006965456072,3.18548823751795,-10.8611736498915,81.408945380876
"168",23.4252648941351,26.2556666216502,19344.7009640403,4,92.6847500019195,67.8957673848874,3.13269451409522,3.21330411586574,-15.6690803912313,196.608446939586
"169",21.6012138717255,25.8773370396291,18332.387466472,3,85.2948698892166,66.1831077483101,3.44001809731576,3.02442099752377,9.49819808730844,60.1674690513063
"170",10.4253098798783,13.1693954027471,959.672681470959,4,43.63932855701,30.3942649682188,3.17038284284806,2.01382660589427,-4.0947946543956,0.0413840904404165
"171",8.30018550300665,11.1348172319671,92.6127911629096,2,34.3775492079198,19.2390603284731,19.2627874912524,2.14514004383755,15.4494032108814,260.058418269893
"172",22.4143214678947,24.9870003567661,24639.6651017282,4,88.656598620685,66.7840366111363,1.89491110893916,3.13226229737274,-0.158289835061794,8.01022856596625
"173",25.8926502369069,28.8357774900057,15396.4374320665,1,104.534506419759,76.4225937673141,102.665559573214,3.35209015091974,-8.862602116975,61.4371923184749
"174",13.5361148324857,15.0907312366285,2871.55592286539,2,56.2854376957873,46.69852399361,49.4824260546578,2.6128899622715,-22.105804712112,537.553761876508
"175",23.0788654262218,27.9616724457883,6469.94800215726,3,93.2042513748198,69.713193722099,1.74748251378532,2.97137318144819,-16.3342261126201,208.288417069088
"176",21.2802104044329,24.397100422509,12854.1307917174,3,85.3468127657737,65.6474211542105,2.74208688516286,3.00429106161969,-1.98408858123857,1.82507099236004
"177",23.6391950119525,27.0603277146954,15579.8766050906,4,98.4439944934524,73.1843660739677,1.64202717900344,2.9476236171336,-0.0986859326340264,1.42552209640225
"178",26.6205545926818,31.1979589747781,21117.2705301561,1,103.661880920139,77.0169179046522,101.848875241892,3.36858665530107,1.07698329931206,3.01468499042009
"179",20.7357924508932,23.4844039266666,13714.4340040771,4,81.2550266995269,59.9136413890884,1.34111843965352,2.97341536022315,1.72456783052847,4.57286339116903
"180",17.0073030362268,19.9516787003707,4026.12697965657,1,68.1875196421268,54.1166339877056,68.8323786373839,2.69045895265779,4.06438415761183,0.401915400915316
"181",30.9626496338959,33.9401177624284,22795.6917033687,2,122.340289923393,93.4891619849416,93.8282404954808,3.43659314355997,-13.3477347021028,246.481430914743
"182",31.6355639778912,36.966524951154,56797.3130503013,3,127.908249895978,101.096669967037,3.60747237477395,3.37710840474927,20.8496976288019,404.429886426115
"183",25.6743479988473,28.5755176519348,23977.8805965823,4,103.373429576727,76.623200402853,3.26858294149591,3.38584407398831,-0.251838516415822,0.588006738654279
"184",19.0455772190581,22.2120087975858,13364.2779907126,3,73.7422604783596,60.571887220824,3.86849103367638,2.99482074335121,2.4885591459507,0.657709841426676
"185",22.3742228199683,25.1045874197899,17317.7621977819,1,89.1274780182567,68.4266202801519,90.7033256637717,2.95012295797239,-2.43872872728518,10.3620683560466
"186",17.2726253237091,21.117098931852,5413.01815564073,1,66.0409733104361,50.1572093666332,66.2468586394181,3.08859926634867,16.5247863254237,393.460370093754
"187",25.2782427243541,29.6870104734864,16188.2401718115,1,100.945760446823,76.4768044122253,101.344861481997,3.60327799041332,5.46803910258521,38.2424871818403
"188",22.1451091624643,23.5788729419576,12799.1761796811,4,89.8662756282922,67.8801050153495,2.77967430991991,3.0448308818426,-13.7155292253846,209.876653702804
"189",10.9002179292222,14.0692561148028,2547.5174837431,4,43.9124835751038,32.3796532540093,5.07019742017826,2.43041140486146,4.58727049836305,11.8513062051467
"190",16.5401195548032,18.034440385927,7103.45780474722,3,63.352376412704,50.5918572884165,2.46736803715065,3.07018941035741,6.31534103499148,51.3025188819496
"191",10.3408587616222,14.3357917090331,2280.39810351949,2,41.4088837354619,32.5671710089045,33.4740981915091,2.36176083124592,-6.64774471130272,33.6785323637814
"192",26.0483600632244,30.2922684707931,30551.5287931441,2,104.648480045514,76.6355572011652,76.9794730681716,3.22324647659044,-1.30433719694604,5.31536479145555
"193",18.6049997584639,21.5687429325928,7713.70779241362,1,74.0176768344858,55.2209680266118,73.4999361113202,2.85553882254855,-1.27982152436866,9.7714503814729
"194",14.5210838652923,17.1098279871533,825.192298913272,2,60.3378176055467,45.8463776453634,46.3525269462441,2.85693152150311,-2.2332248497123,4.65059109486254
"195",19.4890697876833,23.7732187519295,12608.466492182,3,77.7287786244544,56.7351545986993,3.03299067101389,2.9987961038442,-5.79068232498327,83.9231973631339
"196",21.785114790781,23.6673071321981,13242.7272857012,2,85.5857686481302,67.6243565207925,68.0650359127899,2.95796384185072,-8.27644319350049,92.2275113725733
"197",15.5884871712467,17.7534174665799,7398.36330683641,3,62.2702979145061,43.5357739783496,2.52785884240038,2.70495561240004,-14.6128836835582,159.179124520363
"198",19.7167610302086,24.2175727278758,15911.0697539395,1,76.4172962913822,61.5195642076006,76.829649246612,3.14154626764889,-2.76677912337619,0.677538728698495
"199",17.0949052428958,20.9940561033942,3981.8299502973,4,68.6096173447962,51.8355046665812,3.30886458232279,2.99989296824506,6.22745731212469,116.688173110854
"200",23.2204409453276,25.7640288675116,16170.2755084235,4,94.9559725036548,68.4871639794258,3.6086187228047,2.70713436065448,-0.062143442099806,0.556636926313223
"201",30.11672026623,32.9107045158234,34337.0290366774,4,118.751390715479,87.3995521192375,1.94490308051825,3.56219228455722,-13.7473873422109,158.111340553255
"202",24.3124624878008,26.7246188815952,15001.3581081468,4,100.647852291414,73.4910316813478,1.41574137168224,3.14490513929461,4.46423915718226,16.498996908358
"203",19.8754525426078,22.1899995970302,5561.52803662575,4,80.7824519327279,59.6922676513576,3.42625426368462,2.93235146363261,15.3587608501198,259.340391466387
"204",23.0031747449143,27.0079989274061,14847.5544396453,2,87.7235306365754,63.7873893213989,63.3252886503217,3.28294797379973,13.8745945912419,204.476999503367
"205",26.0824036752418,28.309754582267,15993.5440167553,1,98.9359973502862,75.1010533203755,98.5188373167736,3.20007274947914,-14.8099798798658,198.525316012408
"206",14.1173422514087,15.1236085503273,6363.67304113606,1,58.0898914743772,42.0812171972148,57.7003208735252,2.46669476572828,-10.2256259297588,57.9975869900024
"207",16.9532998284002,19.0440453438235,3491.14167767141,1,63.1379597918639,50.9257556486458,64.9197310125425,2.78431028448931,-18.289645799017,330.149045880376
"208",21.9363128660498,24.3731567854496,10990.6925888277,1,88.4772309522385,70.9813903102362,87.5436239671509,3.12123411629508,1.46344697162608,5.93842300101707
"209",13.0042992775859,14.7864436605012,2313.07799851042,3,52.4970410943037,32.9726861991971,1.7464104173711,2.49322470468142,-3.15598574548443,15.6007836545405
"210",26.1624592535781,27.3421414007026,18124.6108955053,2,106.194111686894,79.8404360100622,79.4059049210448,3.03215291041346,4.48628807257862,38.4621380439385
"211",20.0775375032449,22.6779081571583,15631.8726883354,4,81.8619273494036,64.2025234223278,1.81763071419858,3.03484671439703,15.3835674704273,370.444917399092
"212",11.8952047401395,17.0135730883405,4145.60892784465,2,52.6913100338139,32.9026108193038,30.9397414197334,2.24195245431193,15.6104531771248,366.607284976096
"213",16.6726766784767,21.0878342243882,9075.43558608686,4,64.3584252384297,50.6575691255946,3.50649246863895,2.77698628525819,8.95829961240487,55.0582384195831
"214",17.1257974521345,20.6905625679082,13954.4885946231,4,67.3467633000458,51.21272928911,2.85732360157244,2.79738558406556,-6.90833375482797,50.0981510112527
"215",15.4905351226601,17.4092379584606,7223.95099622479,1,62.4631930818847,47.8436699534967,62.907138079682,2.96817899147556,0.757044954920455,0.050834985657975
"216",27.4579968518273,29.5160207583202,34879.7315109849,4,106.451477300106,83.8445324369011,3.59485846344913,3.54940751667126,-12.6606592863784,204.726816447142
"217",19.313603414031,22.0694199707992,13956.4483339345,4,75.2203763589044,58.4820680279855,2.08937784529033,2.89788376489641,-4.78547225128053,7.06664066570945
"218",20.541408490389,24.6268970442118,10111.2824398062,3,80.7900381769704,65.8266523124625,2.82189613398478,3.2046898573243,-6.19245654479341,52.7481866451849
"219",14.8239244834241,18.3822683105673,4687.58091742319,3,60.8738806514567,47.3357877882217,2.60222261358817,2.41049874769836,0.285214071329791,1.80523435168505
"220",17.7762804063913,18.6000520558333,7444.121442352,2,72.717084286011,55.8522535197478,54.2906677582182,2.59867340353509,-1.98020540789549,5.82295166311926
"221",19.0197536715623,22.8970549028767,8885.23966786531,4,70.1150454940221,55.4346528055905,1.02042074299555,2.76314389142343,-1.26506831072042,11.0056242728005
"222",13.6531775412525,17.4957128770206,1914.94134870701,4,55.6343783628973,40.3336065670894,3.3041407809823,2.67780254202496,2.85184462682229,8.1209763273213
"223",24.7676059232536,27.7160219351232,26338.9143269949,2,99.3668994730997,71.1597866583838,70.8934051620272,3.15063681937312,-16.7752250294632,313.166567147668
"224",22.3627332691293,24.6726118662838,19570.7688682171,2,91.1244384426442,65.1558917198526,66.5014662942188,3.0009142703071,-16.1629996616667,264.78824786737
"225",17.2061094930466,18.3671266477626,5071.26796663628,3,65.6349431753597,46.3224044471536,2.58237062760762,2.95029633856582,3.15132130889591,1.56474150497186
"226",26.2103227986823,29.4933607157132,20297.97019382,2,104.029511097971,75.2389205839995,74.5246563380772,3.15836220553711,6.17819211842591,2.8559232868664
"227",19.9237076690692,20.6711175864149,8147.50648212293,3,85.0534598496452,54.933517308551,3.39063507921201,3.16420834609986,1.441947263506,0.0653676623027884
"228",16.0410580540016,19.7754082409417,3328.16801980352,2,64.3513532236747,46.397369278807,46.0695295103012,2.81572466886773,-5.57090085775048,31.0721499292303
"229",17.9919062872631,21.1377120279129,12668.7354562355,4,71.9674456882943,55.4609996990899,5.55066019461605,2.94052617335139,-19.7549679907815,285.653694214318
"230",10.5164935523197,12.8670649713957,2229.31957709927,3,45.9373498384984,32.6481345297003,2.67883337426742,2.30110817818894,-21.9827805945592,487.46710921997
"231",24.8598746721245,27.2986503119849,19571.714780054,2,99.2686424583076,75.4590711812252,75.2599053694558,3.31714440268599,-18.1721373732807,306.118565396252
"232",17.4302257204624,20.7650177696114,9027.7441791641,4,70.4747665855828,46.5830865089499,3.55113213045444,2.72463245640871,9.60517213855585,200.705364124044
"233",20.0728083634495,23.1048267904619,9754.30750654995,2,83.4645048212453,58.3654360683177,58.0565167561811,2.84866452967639,4.73498489780053,2.54957175689843
"234",18.695322148959,22.9322393384036,7211.98573638946,3,71.3355476332709,54.7251018668983,0.779671711168544,2.97910060360651,6.64110491485132,66.7061034732501
"235",27.6117919600456,30.6682053838621,16387.7596544495,3,109.045723910578,81.3310546416384,3.30069779548591,3.35864646071867,6.63467548886027,59.0567765092235
"236",12.6331512710761,15.4877185626764,3227.25132909751,4,53.7431038422843,36.9151898483297,3.1480749961398,2.36440620222497,17.1299050078007,352.492390355616
"237",19.9172099297315,22.3248603037945,8531.06182628498,1,81.8091560939787,55.5279477999644,82.7889975835348,3.03961155785804,-3.31584409613821,7.78309996644815
"238",20.122703044408,21.8619900639528,11510.324003303,4,80.0209515332046,58.5779726092889,4.24884191169944,2.77686498289135,-1.72523599729402,6.04096984528428
"239",19.9937150557026,22.3101092714281,9758.7918211373,2,86.9791191151813,59.5911520073471,60.1884910299699,3.01047631271333,8.61216602755135,85.0423031785792
"240",17.8303364668759,20.6668992714083,7961.56799388902,1,72.2962210341365,50.0748780446153,72.5456235172866,2.68668653615349,-15.5120961010296,318.311665819362
"241",17.9722047158623,20.5337312075988,17206.6571477289,1,72.8262377023887,55.2942186804617,73.9380366105333,2.54995162247815,-19.5387475984331,427.249430648622
"242",20.7761665943632,23.1974635793765,11302.979251843,2,84.7124706304387,63.1463227181245,62.4841699041792,3.17480035490325,29.2603417730078,949.083168727391
"243",15.1380909099541,19.7191813417856,2900.6682845418,3,55.7754921366141,48.8200592826553,3.55461606376947,2.75521217869543,13.3302592541327,300.784376092993
"244",27.7408746520466,32.2815359624875,20594.7292268154,2,112.519790773411,85.3273952297562,86.8056100098573,3.218248021128,2.51072467930008,6.47384674214551
"245",18.1493833349664,21.8523643394048,8472.38597515623,3,72.3393666190139,60.0406909396331,5.34804370656616,2.96732023917854,-9.3150936527614,95.6351926910129
"246",29.8076262842969,32.7438776664973,20558.7424896387,3,122.488895758185,96.2814970432587,3.9494512660365,3.66833937731311,7.22801708448959,59.3899251004121
"247",16.9500221207446,19.2093981363677,5697.2347172862,2,69.2360853059099,52.6305206941159,53.9410352261499,2.93743349505128,12.7891730800413,242.406587126931
"248",19.61285621296,21.5789090467979,6447.9137132134,1,79.6970254466664,52.3997351940933,79.1308927160487,3.12124804208778,-10.2576440260159,82.9720924713581
"249",10.8557036865606,13.5596400240427,3059.92877631611,2,43.7100709746258,32.9180143408073,33.1952843567989,2.11915963359453,-3.85431018445226,0.0015671553305419
"250",24.0296212095815,25.5866714846999,32302.438257605,4,94.6029170373379,70.7252574602942,2.33621226301669,3.00081467704613,-7.70382499774253,83.3888944664139
"251",12.6120410996239,15.5848494462138,2338.73075396363,1,53.8883470947067,43.3529192420924,55.3030956149183,2.40917425177502,-8.50273600929031,51.1454030020513
"252",5.13372143509164,9.69511441373282,735.779874215807,1,24.8970669929925,11.7102196236127,22.7937358721282,1.54767194415719,-5.19414116329449,23.8316426086147
"253",13.3011892901931,15.3101111321189,411.303963812747,4,51.1986374314827,34.1718143680368,2.87786298108527,2.5051970975921,-3.29984266882508,20.3822819441613
"254",18.6707898682175,21.6749838540824,9998.4502032765,3,76.0652143097529,56.4102782399915,2.56939079653168,2.99864488117626,0.0129381095761284,6.88410781060094
"255",18.0800329585617,21.0352281167712,4849.43780684503,4,70.174347344126,56.2714874099791,3.85062054621574,3.0091533170321,0.84978476011195,5.25173154112186
"256",16.9852883501791,19.2966346809946,10743.4228004328,2,68.5624361389951,51.0898181279135,51.2799517174471,2.72352726540794,-12.9223738880004,86.6652022642785
"257",16.7423798139103,19.6121251652772,4953.42515127399,2,70.4944765912635,53.529857550111,54.3284916158095,2.51976010705997,-9.8921867456714,236.796427630741
"258",28.7883575464103,31.9434503340635,29791.7599822416,3,114.618750343148,82.4466556820834,1.98627085458141,3.53368662034918,15.610815541758,248.895294650822
"259",19.9048256740633,24.182167226044,6322.07204001977,4,78.4279752305102,60.162379008345,0.909760809056879,2.98219347692557,-1.73241652189892,0.45324521904682
"260",20.7764230623094,24.8299712745932,8110.59164102772,4,84.3417929660021,62.1352021703053,2.1427446088744,3.14258897370457,6.98302533163454,96.181569803786
"261",16.1957677956921,18.8240512494156,4446.29958353019,2,61.9066393710056,51.3974750883044,50.6376757894075,2.59079875209207,-7.34555400896755,141.756324640915
"262",12.2513654639487,15.1482329630521,1699.82552049872,1,48.6504373583985,34.0542958777786,47.5667501071754,2.62885798012644,-8.45890546748798,57.8586433437023
"263",33.7508250586426,39.2488986647389,48269.9214981989,3,134.792892101196,104.228702333388,3.44202713215693,3.79201509921715,7.88856593730034,62.5545892472004
"264",25.2371162418725,27.4598553758604,30156.550620125,4,98.9224412774115,78.130755019951,3.59082939784437,3.30296416535204,-11.7328942758044,66.1496010840296
"265",24.5899623688187,28.3473469461929,26789.644369544,4,99.8275196819018,74.8738388596619,3.55041656186183,3.11974606577244,0.329988560134405,0.46710144344149
"266",22.3505475400886,25.373092575367,11343.0861573321,3,89.6220185669326,64.1363864533182,3.07351246021894,2.90433017660501,-0.650360213438575,6.02118116643225
"267",16.9131395608256,18.263108032901,13423.017627665,3,70.2389380079875,53.885570170741,3.51758570902588,2.88888908006276,-2.78447496254952,8.4867098714002
"268",20.2105313635832,22.3214151475541,14491.2563591457,4,78.4686889096514,65.1780339966765,4.47434716082313,2.91240140753626,3.13890979473026,24.0748475447278
"269",15.4905054935573,17.8821357715974,6514.46169903017,1,66.5653162700099,49.3852424335361,66.194977940938,2.78758762013802,3.14123185961785,39.8106920788055
"270",26.6979160491127,29.4848531448487,16405.5263564801,4,106.139616036755,81.5868575411074,1.60790314739223,3.19286191457597,4.03311544609502,6.35591105657591
"271",24.0192717505073,28.4904830062803,24318.7107662979,1,95.0281775317455,70.5166420466818,95.7839395804199,3.17504352964195,-12.0444877222469,159.075964358277
"272",21.5923932655662,25.0587817398437,9234.28648491171,4,85.5748456173306,65.3267955620575,1.52469168319742,2.83400281685025,-14.4614965697161,260.164325671154
"273",19.0477334667335,23.8660918281277,2944.49387039475,3,77.07819386972,57.4188881274045,4.87321085519225,2.96560155389083,-2.5221972364845,9.74214493539051
"274",14.5636665469414,19.4870627592534,7222.49367873846,3,62.1219692620754,45.2983421556709,3.35461796518823,2.71324055796844,5.94443750171938,6.80434114128939
"275",20.7269986455926,23.1879950812821,8589.5871199564,2,80.1726372154338,57.2568026177932,57.3372821074874,3.04926997434306,0.137798930129954,17.0148871179656
"276",32.3140012538388,34.9277224527492,48111.5938172995,1,130.913675636227,98.5694390624933,131.091720683413,3.50452167544295,22.9735208376521,556.255707340762
"277",24.6180984610534,26.756290795173,35248.2208818008,2,95.6396388996932,71.0058026465387,71.4479214650349,3.23938664231105,3.30550932254634,18.4745831511024
"278",23.7093834398946,26.3073768564911,11267.096322811,3,91.8214226700153,67.7180925364976,2.54942652135513,2.90109766327224,5.46944025250502,40.7341395342615
"279",27.08010895948,30.6790717790934,21190.7696259893,3,108.344510561178,81.3781676172923,3.12488017671536,3.55724963410351,20.9980978817938,423.177169128688
"280",26.2583168513229,29.3401541329307,23919.6669370851,4,102.989446538409,81.4340765445827,3.92358140941628,3.14218717144254,4.32635767985042,50.485301082498
"281",30.5445284548056,33.8755542104715,22776.4231307058,1,120.671381647523,94.0667012156849,120.117837801549,3.54428190403223,19.2999221846209,418.74495173939
"282",23.551563014634,26.0903160787204,16877.1949454115,3,91.5272855033654,69.0721096810353,2.39104722921563,3.02556719138299,7.68229299476619,75.5935542743157
"283",12.6240899566822,15.9831291969913,3185.04767928823,1,49.2762004029237,43.0696793746196,49.5033044652715,2.4592715863369,-4.41473894284838,0.112451664452302
"284",17.0513675814172,19.535576402068,4540.15036383805,2,67.8624100734531,55.0877259529069,53.8484989007069,2.88802039195579,8.446698353866,92.8155344408919
"285",20.69851623238,24.2857924558462,11774.4359219372,1,78.4283335409282,64.1432140226458,78.1860720264762,3.16443550942409,-7.5189835570487,77.8242277836981
"286",17.4413788335264,22.0609898596884,5465.14730120191,3,74.1286599444443,55.568641157555,2.92542408785428,2.84606579065467,4.08563418839756,12.9456346801274
"287",20.7546867557657,24.1999179849576,5911.24736391817,4,79.74147254825,63.1831046761041,2.15222196612136,3.04097445850674,10.2703673672476,111.237062951433
"288",22.2101969766984,26.4654581782588,13348.6176903794,3,93.2125174879852,64.8715234262968,1.9000458967792,3.15624605261517,17.8619552799453,432.1187679979
"289",19.1880043870041,21.6130977377841,8550.27041812736,1,77.3585043807488,50.8386008402605,76.9448842806427,2.93188605297867,-9.7332750069328,47.2635265819342
"290",24.8591927051799,28.1752821929876,18448.8776409727,1,102.465691903734,80.142350915366,101.346058906215,3.20006210558536,-16.599264292092,217.11714421994
"291",16.6436725910688,17.4558020261914,8456.52603789219,1,63.3655259399617,56.2140075502043,63.5554761421583,2.82319597185726,-5.6622329022077,36.5252507127529
"292",28.1919858068258,33.5640871265294,12009.7313758912,2,113.758321283798,83.6798632351949,84.5533637864061,3.36725075410522,9.17506090524637,44.9962649625488
"293",14.6586365933348,18.6352164631356,1418.44483087428,3,59.5116169392335,46.7826773114474,2.38132642172261,2.78884257283232,4.57357719497407,19.3535232465504
"294",19.9429393767113,23.5573911881842,9490.97944838869,4,78.5317009958684,59.2025642369406,2.58539431961994,2.82981045951912,-14.5158082069168,288.201057688228
"295",10.6735933017708,13.3583306476909,1007.33460449941,3,46.9044773325071,31.9213262666756,3.67374756138744,2.33246648672229,-8.5146979140167,44.259827147635
"296",20.0912543174979,23.3222922669856,6859.47777406678,1,77.2121968195116,63.8249525597643,76.5478682905365,2.9984394188396,20.4619903608561,451.887853366721
"297",18.764897272229,23.840377363035,4118.89524621753,1,73.5894177940165,58.2634699590509,75.1561462173053,2.87123227586862,2.34118204993222,0.311305318746408
"298",15.4028744387792,19.0555593372754,5158.96244540285,2,61.2659797866386,45.1372430157794,43.8671925405169,2.75148884522944,2.50812675312491,1.99556611520612
"299",9.13417783766743,12.0967815395519,3978.29773143116,3,34.2800473401006,29.5365984601252,4.76011072207071,2.32642003053789,-11.1893725311488,122.723806961883
"300",16.7531147277324,19.0467232203602,2387.56815644638,3,64.8349758100227,52.6124207703985,3.74215728086139,2.90010598239195,-0.581173473713763,14.3124121622954
