,x_1,x_2,x_3,x_4,x_5,x_6,x_7,x_8,x_10,x_11
0,29.69925360956229,33.15488624561107,26337.8870961846,4.106047552984931,118.38947282916655,94.5601181324594,1.4346607855894433,3.48170163056316,6.70859809507409,97.44289189353576
1,14.0161415888883,16.7404142781307,4425.982695801729,1.0,54.8520370488565,38.9269791401222,55.8632276751478,2.505250641799688,1.07983853861537,0.5935372867243558
2,16.620800453025982,19.5832472131255,5276.05452959566,4.0,70.3963999445574,49.59155735995507,3.7581245739525286,2.701831093646,-13.5093178893267,92.15370509331397
3,17.938535244316,20.550285638581,8067.04607583676,4.0,70.8543823607053,51.438241433677,2.0149075774254968,2.91956812830199,1.4484849068460899,0.29461929663622755
4,13.57636538369411,17.7296102483747,5429.50948311875,4.0,55.353017884649354,44.1725014272134,4.5247610663874305,2.35920448758082,16.9743013678702,325.103256826802
5,15.2636002738595,17.0994251087045,5431.76713631126,2.4241273126276544,63.1259079802521,46.9671960515633,30.16129062912751,2.59653158540153,-3.18446735660227,26.776488546409198
6,23.7406967014528,28.4785608365297,20904.334964083,3.6821553933494195,93.0806620091241,67.21085579665382,4.613787775247449,2.73201038747525,15.5539954755393,286.713684723986
7,19.4152238705642,22.1611465203747,9340.65676585747,3.0,78.0856938806322,59.6343733361676,4.48685908996217,2.977594473622055,-0.29733022748854454,0.2466518412349643
8,20.7632881314112,23.34379198575219,14599.7721779631,1.0,81.721958378639,63.3147968269336,85.2188988119417,2.74210146599184,13.2387337114047,172.478856113491
9,30.9498905366469,35.0610894832724,36184.1401291954,3.0,119.334455171974,91.793799316609,2.9634152953623314,3.32970453081387,-20.8224605749428,322.653194340398
10,21.7849311516451,25.7584302080686,13782.215066871,1.0,84.6517458905544,63.3276377575793,84.7700591273233,3.17006468767609,1.54720343781061,1.4468962095561437
11,35.196351914838964,37.840887591501,63915.4132874068,2.0,137.494843288262,98.8487379576362,101.042426202665,3.39264163540518,-1.769736790662886,27.090087429057206
12,31.4072596299478,36.1835472131975,32735.346352190398,2.0,126.562904690415,91.8147771218265,91.5636152391796,3.57446499175104,0.27911907033775046,97.72429812310475
13,21.6201027006926,24.875478258590462,14458.163189331211,1.0,86.158416312847,65.0635435267755,86.9631555427602,3.04477320015983,11.9581366919724,191.671136945391
14,29.4803353340497,33.1401984091953,34010.2898251642,1.0,113.84403700613,87.4613549029576,114.256213792158,3.5492889050401,-2.27653386922628,4.820211377782826
15,22.3384025566085,26.5178522234588,19068.6831858953,4.0,84.9288665267481,66.8531143443253,-7.034911480498039,2.9983999143645,15.1219330981916,222.67759337945
16,15.530996384572799,18.9245101610349,3166.01068262393,2.0,59.2261917339998,47.420684510047,46.198814686997,2.63436437139653,-2.8201684863690097,1.8982101879196733
17,18.463358502314,20.2734998352337,12451.2256891297,2.0,72.5117113120768,56.529910207174524,54.0121249296775,2.98630758723413,-7.849276702568379,113.97185458980084
18,19.9758878886621,22.6193605233735,9202.32581896836,3.0,78.7234610407735,68.0215835371993,3.1496487366313417,3.089084132396717,-6.62486784611321,12.6617602617019
19,24.9408207474997,26.4753127035553,31356.7261510959,3.0,97.782581047356,79.0589070137009,3.052662828360532,3.15489527317137,-24.6745200486852,627.174259617252
20,24.1987517981204,27.436382632160992,20496.5027799222,3.0,97.7460705914696,72.7508786963862,4.024908745771938,3.29639104626804,-0.3561101701268911,722.299337202965
21,23.5267091545275,25.8694549388958,19715.0680932673,2.0,92.3536716141673,72.2774699672864,72.118815821298,3.4104304052844,6.10493317495167,61.3903773098841
22,26.5298236040584,31.7927646080005,28273.3891975784,3.0,101.027341835606,81.69804443296465,4.283840778099549,3.37475803095827,7.02758701963145,14.957395765930102
23,13.0600189170357,16.1477089465079,3327.117350736242,2.0,49.7799974451774,38.7035834899269,38.4206605840313,2.62677640586695,-0.7353159452943719,35.0011196397149
24,26.3645843212762,30.1321073228929,14338.2420910829,1.4649550608723003,106.880205630726,76.73199716206696,77.7670435214123,3.19997895598181,1.326778976131671,152.715204549796
25,20.9209638561788,23.3078063922143,15069.930096547168,4.0,82.2106453544359,59.5987589782807,3.4835810136912286,2.94580406860848,3.48715523388273,23.0941159247608
26,23.7613994787002,25.442156115440262,7758.285441491199,1.0,94.0629957501894,67.8251118799933,95.4369197606405,3.12600733527609,-2.99917425273638,5.931538346670976
27,21.942563266178567,25.3670178155423,21287.4627690938,2.6332083840202833,90.1797336331923,65.52761900438921,37.74719497901613,2.85720697141173,-12.292444504042802,135.170064654706
28,15.0847370211449,17.1240320540388,3306.876467128841,3.0,58.5008565179282,47.9748492171715,5.279163914339666,2.5902921237259,-7.34730883902787,38.3558012980004
29,18.61968022444,21.34528559824772,7949.5350654595,3.0,78.8558958958924,54.80911920948274,3.048945436985189,2.7966388995551,3.5478197411306,0.6729410371354589
30,15.645744887157,19.302417776498,6392.19700696634,3.0,60.460024506735394,49.1770660883107,12.601740427612267,2.89622542357959,-0.9125063785149994,0.013842308101288836
31,23.5935527654212,26.3033031774275,23323.8126157818,4.0,98.8831120535164,64.495276349659,4.19540343253529,3.15904008440368,10.6298457413678,136.198522409865
32,20.5532643888467,24.4573621177752,11139.561221335,3.0,82.0170444649531,61.7151460870316,5.666126514600439,2.982639590746,2.79729962503705,0.026383153840114915
33,19.6076661601415,22.8066863838441,10039.1617908652,4.0,75.6404144023704,64.017118803541,2.027130010340599,2.79936667380511,-9.87259049657094,101.370530901504
34,17.89754770329,20.8459728964125,12028.1384723643,1.0,71.4969983285177,56.3525940224627,72.5643360979426,3.08718456054758,-1.35188921491535,6.329369758413264
35,17.1893706185737,19.2811654390876,7939.434574875719,4.0,64.5536740556544,46.7378105209089,3.202041339844339,2.93551615411552,-0.407157050760287,1.191180928737694
36,24.9875672237765,26.8450888843634,13809.7602947377,2.0,99.9514386691021,78.5970426598507,79.3880720861045,3.4518083788709,9.68470045909442,79.7839461339168
37,14.4743497059337,18.4646746416984,2785.4426554454694,2.0,57.2415349918338,42.13901289216905,44.8417131810981,2.49043157989595,3.4961932861367404,27.7202046689507
38,19.60675721463691,22.4008341238405,15310.4918965028,4.0,79.2751322426763,58.697056653515766,1.0550391203715108,2.84265105859048,3.11404504791781,5.593210227221277
39,21.5749745244396,25.7246061986008,17664.8106443587,3.0,86.7498252880058,64.9062128290167,3.488552628312572,2.68643960720345,1.6608415471455578,5.203210197894265
40,26.0927526725367,28.1822573486373,22868.166189595264,4.0,104.143168518559,75.7640679466737,3.588643408721179,3.25986120197617,-7.689900173648939,48.9002536044704
41,16.5034146065724,18.3995948900568,2903.988705195601,4.0,65.6601078549875,43.330965385803,0.6166772697237022,2.82042290900775,-7.45958336265453,73.8487730048861
42,18.5728362423564,22.163315952431333,9666.66691251641,3.0,75.5038815582286,57.8051601211994,1.9883346997344802,2.8982630590047522,18.4177037926963,92.40795927993149
43,13.4422366369531,14.8258541427479,2251.736629379402,4.0,53.0947826063275,40.5156060196984,1.954702841629178,2.56038030889408,0.49201183776835405,0.0008745054637131489
44,18.0449378427537,20.208200835267,2716.468383794707,2.0,69.7575900786351,52.2380667734058,51.732750675918695,2.95515257935231,-1.50559348171166,4.496199544972654
45,17.9923669345251,22.0853660500996,6176.064814948881,2.0,69.1607217614985,48.3032954245823,47.7137325687449,2.79784916687202,0.9249025147549861,292.429270780355
46,26.7525879046148,30.123572864452644,16834.7408735824,2.0,114.858773440948,84.1624561930816,84.8846787498913,3.28226899353324,8.15701904117667,86.3938616986037
47,22.9559501354461,26.73381087702431,15625.6004833295,3.0,89.39993581372,71.8042263351754,2.8784130697911188,3.33663229207718,6.83765171715446,104.03256479478236
48,20.5026272781428,23.6231204483818,5577.65502887372,2.0,77.4166640362284,66.8653309405261,67.0795713725581,3.18535897100545,-11.0088481208922,109.706651274987
49,24.6553599776005,28.2128926479353,12364.8724671114,1.0,93.6922450046342,75.0906442860106,94.6100358000987,3.01698336959828,9.28802102233388,52.1498084326465
50,18.6862882571673,22.1776714191985,12237.5995504939,1.0,80.1555695108669,58.799613246314,82.77382595546116,2.93430727636557,6.607296904543511,18.234417112921307
51,19.9616594764367,22.8926468520601,21152.1330008448,2.632452081742581,85.8991169934727,60.66350760447841,34.599210648848285,2.7730297539191486,13.8287359663183,161.000178768224
52,21.8357650327282,23.4849687178143,11534.5526887029,1.521151139481656,92.8704722857092,68.9958530065144,69.5541215880433,3.01343827791611,-0.8377125845937841,1.2785761418534065
53,28.535812725688,32.3351702968717,31178.91392425275,4.084587874691178,116.422413439628,90.5090543685688,2.440154718174039,3.38534805552696,0.5563637499618916,99.3669890737068
54,23.6187013126419,26.2986072356185,12241.6863858562,4.0,96.719459009289,69.2154478647905,3.24861333867236,3.36868195615647,16.3462914392649,222.539731572088
55,22.4051802435396,25.074449411994898,13896.7105031911,3.0,87.8222497782685,69.6878912453821,2.5946248898206967,3.04356768336779,0.05498426280128427,86.00617358843415
56,12.1606587788737,14.6499308410267,1731.9545442027993,1.0,46.98427425133904,33.0996531430623,46.3000947350576,2.3837403054367505,1.42464000341382,0.004301766115119676
57,21.5912514174041,22.7123713349543,10954.4842160412,2.0,81.8396247095203,60.9402970043363,54.25547765059338,3.01311105651078,-20.9198133204846,486.71469648094296
58,20.148007717141848,22.8781121635078,11647.4768638491,3.0,81.796126411098,58.750595497632,2.4222402023358,3.03110953399291,-3.33916721394135,3.136207169113547
59,15.5004618518591,20.7736184667906,12238.7195582108,4.0,61.3071310506786,40.2773947206417,-16.820029448167567,2.79252047874302,-19.7350399185928,305.577447841338
60,20.3818573693029,23.5845449993001,14035.5024204221,3.0,80.24318981680607,63.1163156760897,4.090653812508439,2.84250966496936,-4.186096001232,82.75911513493796
61,20.7957763913136,21.487221693443,6740.889103935567,3.0,84.7358823266263,60.64614477999735,3.0743054491460917,3.09975239346036,-1.73690228479582,11.273718619343995
62,22.7183709235485,25.6617352602102,21084.3084831828,2.0,94.6738811939398,69.8697482053979,69.0224136336842,2.94927574016919,8.82833645188304,112.200629152438
63,23.5240367630652,28.069745193497976,23493.9570427674,1.0,96.475674957308,75.4468723735141,96.0820685116859,3.24999739608814,0.8521996105842329,11.464098886816998
64,21.5948457127855,25.305073850177,10246.3711362404,1.0,85.0986713285377,69.8302870442235,84.0019115006337,3.27859189692129,-7.00061583669802,8.392687511268406
65,25.5462489448553,27.9539415475438,20510.4740429185,4.0,104.587918243266,80.437329064213,3.318169370065931,3.41770692660823,7.73886693361272,69.0685321533201
66,23.8457709732856,27.144295603589,12671.9587666839,1.0,91.6411862045722,66.3391713453529,92.9156498547207,3.235833020623689,4.649387260687,36.6869996613992
67,25.7673683738947,29.4099040006065,22737.410986074,4.0,102.498620259013,74.2510908094616,3.56038293817781,3.21158075020025,-8.2645422604667,94.7786679949379
68,26.3034175134047,31.4162126089788,19700.6422973207,3.0,102.937599942868,76.8183569858058,2.3327543596070726,3.23816023189504,6.29006779761463,18.614915994217498
69,23.564572583596078,27.4208971660271,19915.27234162368,1.0,96.3106798999635,68.2028381569966,96.5854029758979,3.10223195843206,13.6394005527111,129.171498131017
70,22.1631358042298,23.5902810513544,12825.79905751058,4.0,90.8128725873233,65.87374841999397,3.202662753695108,3.13281490994861,5.80868509958924,9.807257126679517
71,15.3869914087154,18.42323762380415,3494.164128208209,3.312689629390823,60.6371121758323,46.1899910287728,1.1171509148169392,2.74145853052751,5.62906091454211,30.475150170722003
72,16.9220789668454,20.4015998381302,6763.81262013947,2.0,69.1038271061307,49.963549629594,49.8845678755547,3.11524218788445,-1.298655690288527,10.840478913869504
73,15.6667015587431,18.3701210033271,5294.0244337493,1.0,60.5394083259212,45.3052955917497,61.4229200944026,2.65198417285546,-0.41685790849892157,0.49618315110168965
74,11.8024145640943,15.6182547988135,2307.6185604066304,3.0,47.9525125551771,36.4813659551479,2.851713572450411,2.4280184999077887,10.0644559139714,87.4974675402662
75,13.3708037807829,15.3710321677249,1111.7362855192005,4.0,54.1487552995932,38.268269107286,-24.603540624706767,2.73009066229949,-1.48997357711416,3.8453067583770206
76,15.5548163618101,17.616683063351985,3218.435093448119,4.0,58.9979149445203,50.2714605482714,3.46159460212575,2.44741210464043,0.34196256827468857,61.591320789307
77,17.2119883484894,20.867845221223874,4871.68891676264,2.0,70.7183822078359,55.3775746110539,55.0360543316059,2.9548263800036,-0.2685041797494035,40.1244737655448
78,19.6879884558083,23.00700207489831,9735.74510266448,1.0,77.6961360026369,61.9410631176404,79.2961083806275,2.9878465118360853,5.37914717013923,13.824877836295201
79,32.1134648857971,33.3822076280136,34970.2290471695,1.0,124.078703611571,93.86203436020402,124.36927841262,3.4695383462853213,1.65150531085927,0.5684292280578092
80,21.7129267507365,23.2333456839172,9414.18661540768,2.0,89.1603064075054,65.4835784482352,67.2579895254535,3.14673783726643,-9.05443025547796,70.8328080116821
81,20.0212411812607,25.2510522086455,5184.46118464016,1.0,77.8797054388432,58.386968400814276,76.3369861147723,2.84583865637888,2.36923088447407,0.806750257805021
82,20.1460992100083,23.5325981564562,13378.3992182817,2.0,81.8851229408438,61.239110393395,61.4265172585937,3.21399338192424,-1.2429461860530169,129.915862423065
83,18.0328828543935,21.6931485419405,6724.15441305174,1.908365619143943,71.2237474612006,50.3400875054948,50.8912566618357,2.78731591870507,-9.634118914390369,143.661443449796
84,16.0364771860554,18.7602419763621,2574.4667049542586,2.0,65.4626215675451,54.6682924228291,54.401938426295,2.86856887609344,3.31728666129112,33.75478282145211
85,18.4414906735241,21.7174236720341,13279.2666703704,1.0,77.0852691660458,52.1916884236773,77.9909667200335,2.85137981639848,-10.0594536822901,148.999646628428
86,18.2696570410957,18.9954258395848,9795.63215622907,4.0,75.8975095795173,52.2849320477614,2.6912328733679907,2.99530512010538,-8.34719169095069,89.8834223666554
87,18.4769620587734,22.3850477987214,5357.8610508129605,3.0,76.360916559846,53.89259137140967,2.803096077127421,2.77103654576564,9.6034318310125,141.588635095182
88,11.0705325627774,12.984279454493699,4382.877364542619,2.0,44.1012741340602,31.334113002994595,36.1196192080034,2.21825564299719,2.96867078793897,6.846699989463474
89,22.9363733592898,25.7208466446789,12155.6240201984,2.0,96.841518427836,69.799361651565,69.326826606267,3.13045939957964,0.8833404822921609,3.876501931948553
90,28.178972172233,30.4455447960187,27443.5944088147,3.0,112.207532239266,81.3956403026086,34.54149966609753,3.08328492877391,0.787816255390773,2.6429492351869044
91,16.772882631828,19.9850004669417,6195.40233052058,2.0,63.9121375674971,52.9710159096319,53.3104751604088,3.049714036304,-11.9228593831679,111.829686096576
92,23.0949608439367,26.96505515145844,24371.0553162333,4.0,91.3759510028231,71.14171674646775,2.379938495561788,3.11339655672487,2.31161902959103,5.911534294442504
93,21.1819679920066,23.5627743553428,5338.54638996844,3.0,83.7534663289016,62.06139689805867,4.396479118347269,3.13324657508705,4.46784874104605,12.635003666076798
94,24.2325044937582,27.4765156516774,26645.8648295909,4.0,95.7082381368007,71.7013134866039,-2.5259511371638155,3.53717737890701,17.7441300422215,448.6116497752689
95,17.84582421480556,20.503514689177,5228.28380301114,2.0,67.1744512938385,55.1956883233621,55.3818841034878,2.93988782553201,-0.272318940709697,44.2181157657319
96,25.5899660199809,29.2171742387359,23403.4995886704,2.0,99.8602480517199,77.5632889408956,76.64463565284649,3.232153966878762,-2.56344163912992,95.12807095602949
97,12.2999943403349,15.621476257891356,6445.0871859649,1.0,49.6562527782944,31.9523982721654,49.1058457827257,2.54930044691847,3.7296472994437,10.545778476040098
98,17.8093805034996,20.1006877892676,9286.65378327888,2.0,72.4440406816214,52.4520408873031,51.8519373862943,2.72447389497152,-8.47524365720866,56.62361905402259
99,19.2466351455178,23.1537668173019,6866.76607218396,3.0,79.4283059674356,57.5287969105412,2.206881534720992,2.93202858068238,-3.36151173789746,33.3754729789646
100,22.5952918263648,25.2755861878721,23454.224257081,2.0,88.7105059267099,65.3294614648662,65.4363566941694,3.19976301107551,7.540601841256109,37.92967186409
101,22.9376985245095,27.1027644654638,14493.7929134109,2.0,91.2811018259241,70.32119972223857,57.94631973460132,3.24290134930544,-13.7547843385037,238.006872233438
102,19.6033346947239,21.981624145871,14744.2222551488,3.6249818635058526,83.45202635295979,57.8099613463518,1.9074053564003108,3.31052320199483,-12.1890115220335,155.85851222103
103,14.1281949256531,18.3764081154007,6742.36277097479,4.0,58.5549333410665,37.3347366664327,1.5857885499086422,2.65235390171384,5.55863078174185,80.0658332199992
104,21.5436105881919,25.9840121299499,12791.4289381511,2.0,83.4594966072137,60.7968907929783,61.6020198418451,3.21153504155141,-6.10348211168684,31.110718996397296
105,11.9806072865825,15.7426007246342,905.7899783264165,2.0,46.8663333376789,39.0790589505382,38.5566168794032,2.51560366737055,-3.3150474750806,4.4975350269252345
106,24.9564481252636,28.5158193603071,27297.0189955691,2.7298251784357563,95.134952487122,74.334336796314,39.181999427612105,3.05196797862338,-2.55033213085994,4.329173847805777
107,27.7205844267748,29.7153660295632,38744.466575446495,4.0,101.702597292739,78.176769656188,0.6046257755955224,3.3902868376364,-4.54952396168724,18.588245332605396
108,24.2007271944174,27.1022694595677,25004.0309082793,1.0,95.73785155231019,73.3893835739467,92.98842457730183,3.01414439352435,0.21064479800711539,100.555528859382
109,20.6003930397786,22.1508392556941,6947.2610766671,1.0,86.7037829309835,66.6702511359887,86.6321979022499,3.1701364106460272,-8.45072933583122,43.0738607400062
110,17.634551351281086,20.6110634167489,6212.96684844865,4.0,70.7309761912996,54.2428229644895,2.350360644079011,2.8269611558033,2.60019290357578,7.995868611876261
111,22.2946312175201,23.2615598869843,5827.638394755643,3.0,92.0947485071188,65.0298953370953,4.144742957462299,3.30525672515162,-12.5229611323889,175.915603537453
112,23.2252397384696,26.8122039099914,20508.6765132862,2.0,92.2782237807768,66.8509897644497,66.8245000584723,3.26725881627775,-13.092991545109,196.096740177343
113,23.057652746451,26.2182392789484,6401.46696547006,3.0,94.9574197793202,67.323489850238,2.930091866909059,3.3470638491012,16.9518462111914,89.32247862664578
114,15.553943530656,18.25569498014543,4249.90034035061,4.0,61.6508221978071,43.827643238039,3.258440038632269,2.74733799329627,-5.11471709243836,98.2809869770063
115,27.7194617434611,31.2911523503684,19235.0286883119,2.0,110.006832828563,79.8240089423569,64.44683414429161,3.53855484300675,-11.6140710914727,114.550222690173
116,14.254860344365252,15.8256523213763,2851.8664465580696,2.1093313535245524,55.5832056488067,37.9464070783098,37.9912875910255,2.79402550952368,-6.637105426975111,41.0689435019213
117,24.604897498065032,28.8352378549684,23009.0498867052,3.0,99.068943691111,77.8590065388538,4.716183969967506,3.0097974921982,-8.17996319292211,73.33746026171562
118,24.9138617833779,27.7403541935462,22376.2844431547,1.0,99.0284251879639,76.76334183144189,98.9552241698277,3.36258772011274,9.39335045696728,89.0227435086128
119,21.521635870166,23.78802043178188,15322.5135314069,3.0,86.4961544670306,63.9934723187578,1.8619572838485965,2.9015347211921,-11.3512882450744,84.4372611149319
120,12.2264089190235,13.3795141464115,1430.3781459658694,4.0,48.6307562628749,36.3491956682188,5.447225782553989,2.437532043339176,-4.41767734502849,113.64030614477988
121,27.8494538820016,31.5189719000662,21600.8928728418,4.0,112.563771349332,91.9047707888206,1.7400079286691579,3.31972010076603,0.5652573211463492,7.4697719946703955
122,23.4422484664204,26.3334619475748,17995.2609099766,3.0,92.2555245439751,72.0720372808291,2.0191090015596984,3.10334372938715,10.4636277340304,90.5695581297439
123,19.1119817052421,23.6785570565736,6535.82483295594,1.0,71.7646605683654,51.4633846402407,72.8434922014435,2.99180209695812,-9.42419940688898,94.514868760344
124,24.274892376295053,25.8011610979809,19108.8108477539,4.0,95.4289757696393,73.3631484449829,2.1033005863178076,3.31169990207989,-3.39915336737183,14.161216588968998
125,27.697968858191672,31.7639039416859,32528.8640294893,1.0,113.312387851727,80.465067881625,113.568440909891,3.18277027216876,0.37840928244474065,478.600846500996
126,22.5328922400269,25.8337725828046,10240.9514235932,3.0,93.3163097139116,71.4433583338293,2.5521769828030507,2.95870597198754,-1.99466574449751,8.905315694775751
127,19.985193164973268,22.3896721291517,9568.70646763834,4.0,82.1602608164963,64.9073638496333,4.296065374816031,2.9073983417251,-0.37017076273291555,14.325891419211999
128,12.6622464243121,15.6238122456606,2997.640686836301,2.0,57.6527462010066,38.2834190379741,37.6314058465449,2.60493926037357,0.24381214456205597,1.0778605923667612
129,25.0957885796451,29.205278148518,24087.472753965085,4.0,101.564584148315,68.9253139175893,3.3533658955732406,3.15649689065829,-2.18272576639806,1.8894087068699434
130,17.0333033338828,20.5696285994023,8186.49358168223,1.0,64.7490468866345,47.0071523449772,64.6621934765893,2.9156122658351,6.0167533263568,15.726340563391204
131,24.062049449804,26.6987009916434,15236.0954969041,2.0,96.133967045852,69.2405504417555,67.9304359378316,3.12464897911872,-9.91681780252682,65.7029256005972
132,24.3308391515262,27.2253384400045,16510.2238126415,3.0,95.2414913857214,74.0415802235269,4.005147143458625,3.3314549284088,-0.3285397866711306,137.739613086211
133,21.8415415162039,25.1754161590427,16498.8998368428,3.0,88.0817338150849,67.0520232351512,3.6213592052328103,3.0305200285249,1.3394341173168203,4.506106249984143
134,25.6740954930938,29.4843265453272,28178.3633476496,4.0,106.199051000546,72.1699860108452,3.409459467531949,3.24971222483803,10.3797533628066,96.7371559668977
135,16.2145035996604,17.5308082167444,9616.92043507893,3.0,59.6151721947059,47.2183076390293,2.7294048477817796,2.72738132581781,-0.217050595425939,4.462525890371182
136,22.2261028444934,25.807497480538554,18118.1672357387,4.0,89.3457632740857,68.5471870241923,3.6628972208030888,3.08670987203721,3.89352063859247,32.0581657756054
137,25.08533976321558,26.7872771843617,28833.2154775782,0.8215692364514529,99.8159811215239,79.6022808235178,101.094744470915,3.031420333196892,0.0006295523181742979,0.11458765443603625
138,21.3487937120908,25.8765170153222,11662.1503884887,3.554633664068058,83.595093153011,65.3994819242964,3.5092563343292404,2.63184591206728,-11.657933435017203,81.4520941837852
139,25.0377022444198,26.5510098462267,23992.6292160215,3.7786979720707143,98.02136802517593,72.6834451275187,4.59470077284697,3.20498839947435,-5.60981911304871,103.55083828212065
140,12.692833675385902,15.0216850939417,2903.7693034837175,4.0,49.6258327809385,39.8238340023155,3.96183499622488,2.4786514211663793,-6.066533049834489,8.799274499514624
141,15.6260719463034,20.3012493928699,7378.173294092551,1.0,61.9324485610308,45.6091347420899,60.1360752280529,2.65085408840699,-8.2787497252605,13.722226642771417
142,20.8261446917883,24.4380767525221,17570.2844516386,3.0,83.9553306514129,60.4308874103222,4.30079000639115,2.86730360751204,-4.43318364052875,33.6876742579501
143,21.223177202184537,23.8038294881076,32524.4264467821,1.0,80.6198471308264,62.3573217571006,82.986691197222,2.68074489097147,-6.86807012350724,65.9419791141212
144,22.4118094539688,26.0171027724361,18294.6176581477,4.0,88.15752198078,68.7908229379252,1.8816737642767265,3.05078427993914,-0.1909049390342195,4.454178321794515
145,21.448040697303526,24.418178101650398,11676.0559916187,2.0,77.5723076255052,63.6604455752687,62.4125482139324,3.22945081201648,-1.1267664200612968,33.9394173796667
146,15.555357873119,17.3909286013136,2985.8408032053594,2.0,59.9885058495168,42.5672581312397,42.3577370067534,2.67403972497954,7.39563026425797,56.4688236686868
147,22.429717851071,24.5597929036025,17433.4840104732,2.0,92.7898672086349,71.6716502799046,71.0758846102051,2.88356152959076,-7.59691569097973,58.0402781122659
148,21.7024837861806,24.4413780686637,12648.3959221537,1.5065226136880223,82.7330565740478,62.83116832804659,69.084957265591,2.95892098026729,5.81102059986793,24.821504806721208
149,14.5103790300671,16.87575172889913,2124.4885917236097,1.0,58.0304292213699,44.9443595540655,58.0940085164281,2.48067103601114,0.638420180190433,0.6761927938314187
150,18.201408175912718,19.9157050547726,17929.0508845716,1.0,74.0486720790574,52.4061042739369,82.4023517585228,2.7258420801708,3.8433204086220103,37.7356456821302
151,25.4865020536177,30.5099146743533,11021.4129283962,3.0,102.215289139508,75.8411493771838,27.27536634053541,3.553188595907913,4.05756386681525,28.317615140049
152,15.074821580593216,17.7108913288069,6262.73039678217,3.2054418164548286,60.6978457182801,45.7872853507929,4.996418733234151,2.6223682045323398,6.03260468461026,43.8090325711434
153,18.9627168793123,21.759511629089484,3391.6823818983394,3.3728577582310626,82.3855891047007,54.8099657682998,4.058336673908592,2.98472355000283,-1.04105475479843,0.026777133259216157
154,23.3943071702351,27.491466069568,20955.4003344352,4.0,93.6630465582718,71.5580208267445,1.442859064608733,3.03612174588114,0.40152173005158903,20.9499522673039
155,16.0110612938762,18.0644485427288,4791.37630575378,2.0,67.4343176782721,38.4494038198954,38.1775433845659,3.08857811239608,2.98477842790639,29.032022593966303
156,12.0423053101124,13.908345388843,2662.296903490649,2.0,45.5822524678458,32.2233675692638,33.8603064044791,2.5456732370056,-12.1745443375288,185.048375185134
157,25.9017406225882,28.0183570998512,14560.644138983764,4.0,103.854515806465,80.8123332584573,-3.7370186787028103,3.47789057302726,3.22362744660288,9.4753212326235
158,26.1128464491907,29.6292598477809,23002.8406435701,4.0,100.882838251774,74.2628967503536,-1.7939892222244609,3.31601992497146,5.64164178215105,20.8755401453505
159,19.9454540672008,22.6074986683976,9966.92673725673,3.0,76.1459901121127,61.6276287542049,3.308626196117089,3.30201304601218,4.8779665801985,17.923836800881205
160,21.7276123287386,24.7051604725815,23186.7385105908,2.0,83.4903735273923,68.9434426868063,68.9484078007623,3.16915977388211,-8.7163630498466,119.87208193824445
161,20.470945790243,23.3688948325304,19326.3436710202,2.0,80.2845395365071,62.1395673516509,63.3721676619917,3.12506615716157,2.7053075117789103,120.52069012962563
162,20.0339668393688,23.3343754360706,10400.9627470611,3.0,75.8567190939793,56.1386139574353,18.454118586868063,3.12260511288394,7.952305412957281,67.1266859438641
163,23.713114390496,27.5197348034901,15160.3163157477,3.0,96.2138847789157,72.10759236121129,3.4159517681004594,3.275533156836376,4.92674169005744,43.0001459974437
164,24.856567581028933,28.1737267862527,20024.2295510762,1.0,101.515535133548,80.4720749563178,101.374493765464,3.06665354244914,9.737311042621592,62.402384841706
165,18.4033143088481,19.9468383164964,4938.148535036484,2.0,68.3498258703756,53.41888574566758,58.2154427296158,2.93558349765402,-13.2236749702104,168.791339387802
166,21.6132169811174,25.15440841035132,11914.5569450439,4.0,86.6787112742381,72.0004911133088,3.2500696545607184,3.18548823751795,-10.8611736498915,97.76161785045029
167,23.522216821525845,26.2556666216502,19344.7009640403,4.0,92.6847500019195,67.8957673848874,3.1326945140952205,3.21330411586574,-15.6690803912313,196.608446939586
168,21.6012138717255,25.8773370396291,18332.387466472,3.0,85.2948698892166,66.1831077483101,3.440018097315761,3.02442099752377,9.49819808730844,60.1674690513063
169,10.4253098798783,13.434614680666783,959.6726814709582,4.0,43.63932855701,30.3942649682188,3.17038284284806,2.3162194033525254,-4.0947946543956,0.0413840904404168
170,8.30018550300665,11.1348172319671,92.61279116291007,2.0,34.3775492079198,24.287081050889974,19.2627874912524,2.14514004383755,15.4494032108814,260.058418269893
171,22.4143214678947,24.9870003567661,24639.6651017282,4.0,88.656598620685,66.7840366111363,1.8949111089391621,3.13226229737274,-0.158289835061794,8.010228565966244
172,25.8926502369069,28.8357774900057,15396.4374320665,1.0,104.534506419759,76.4225937673141,102.665559573214,3.35209015091974,-8.862602116975,61.4371923184749
173,13.5361148324857,15.0907312366285,2871.555922865391,2.0,56.2854376957873,46.69852399361,49.4824260546578,2.6128899622715,-22.105804712112,537.553761876508
174,23.0788654262218,27.9616724457883,6469.94800215726,3.0,93.2042513748198,69.713193722099,1.7474825137853216,2.97137318144819,2.828056775612805,208.288417069088
175,21.2802104044329,24.397100422509,12854.1307917174,3.0,85.3468127657737,65.6474211542105,2.742086885162859,3.00429106161969,-1.98408858123857,1.8250709923600397
176,23.6391950119525,27.0603277146954,15579.8766050906,4.0,98.4439944934524,68.75245272485202,-5.92960682951054,2.9476236171336,-0.09868593263402642,1.425522096402247
177,26.6205545926818,31.1979589747781,21117.2705301561,1.0,106.013500430447,77.0169179046522,101.848875241892,3.366670329325149,1.07698329931206,3.0146849904200934
178,20.7357924508932,23.491000581756694,13714.4340040771,4.0,81.2550266995269,59.9136413890884,-11.273688666117842,2.97341536022315,1.7245678305284697,4.572863391169037
179,17.0073030362268,19.9516787003707,4026.1269796565703,1.0,68.1875196421268,54.1166339877056,77.94645681769165,2.69045895265779,4.06438415761183,0.4019154009153141
180,30.9626496338959,33.9401177624284,22795.6917033687,1.243743506468117,122.340289923393,93.4891619849416,93.8282404954808,3.43659314355997,-13.347734702102798,246.481430914743
181,31.6355639778912,36.966524951154,56797.31305030131,4.431934545483875,127.908249895978,101.096669967037,3.6074723747739483,3.37710840474927,20.849697628801902,111.59326755679886
182,26.181770688827495,28.5755176519348,23977.8805965823,4.0,103.373429576727,76.623200402853,3.268582941495911,3.38584407398831,-0.251838516415822,0.588006738654272
183,19.0455772190581,22.2120087975858,13364.2779907126,3.0,73.7422604783596,60.571887220824,3.8684910336763814,2.8517239376988903,2.4885591459507,0.65770984142668
184,22.3742228199683,25.1045874197899,17317.7621977819,1.0,89.1274780182567,68.4266202801519,90.7033256637717,2.95012295797239,-0.20448553618314314,10.362068356046592
185,18.220699869250602,21.117098931852,5413.01815564073,1.4273624008600068,66.0409733104361,54.95113390864102,66.2468586394181,3.08859926634867,16.5247863254237,393.460370093754
186,25.2782427243541,29.356529330288406,16188.2401718115,1.0,100.945760446823,76.4768044122253,92.04614680696841,3.60327799041332,5.468039102585209,38.2424871818403
187,22.1451091624643,23.5788729419576,12799.1761796811,4.0,89.8662756282922,64.6238137011088,2.779674309919912,3.0448308818426,-13.7155292253846,209.876653702804
188,11.359425955219333,14.0692561148028,2547.5174837431005,4.0,43.9124835751038,32.3796532540093,-26.64433822403344,2.43041140486146,4.58727049836305,108.48218943528106
189,16.5401195548032,18.034440385927,7103.4578047472205,3.0,63.352376412704,50.5918572884165,2.4673680371506492,3.07018941035741,6.31534103499148,51.3025188819496
190,10.3408587616222,14.3357917090331,2280.39810351949,2.0,41.408883735461906,32.5671710089045,33.4740981915091,2.36176083124592,-6.64774471130272,33.6785323637814
191,26.0483600632244,30.2922684707931,30551.5287931441,2.0,104.648480045514,76.6355572011652,76.9794730681716,3.22324647659044,-1.30433719694604,5.315364791455551
192,18.6049997584639,21.5687429325928,7713.70779241362,1.2243236000945983,74.0176768344858,55.2209680266118,73.4999361113202,2.85553882254855,-1.27982152436866,9.771450381472903
193,14.5210838652923,18.240254730740162,825.1922989132727,2.0,60.3378176055467,46.38120645730509,46.3525269462441,2.85693152150311,-2.2332248497123,4.650591094862534
194,19.4890697876833,23.7732187519295,12608.466492182,3.525097795607021,77.7287786244544,56.7351545986993,3.0329906710138914,2.9987961038442,0.15364457433370893,83.9231973631339
195,21.179405477047315,23.6673071321981,13242.7272857012,2.0,85.5857686481302,67.6243565207925,68.0650359127899,2.95796384185072,-0.4652668978458978,92.2275113725733
196,15.5884871712467,17.7534174665799,7398.36330683641,3.0,62.2702979145061,43.5357739783496,2.5278588424003807,2.70495561240004,-14.6128836835582,159.179124520363
197,19.7167610302086,23.83077171767083,15911.0697539395,1.0,76.4172962913822,61.5195642076006,76.829649246612,3.14154626764889,-2.76677912337619,0.6775387286984937
198,17.0949052428958,20.9940561033942,3981.8299502973005,4.0,71.43188473494928,51.8355046665812,3.3088645823227907,2.99989296824506,6.22745731212469,116.688173110854
199,21.117768738511916,24.28622537957893,16170.2755084235,4.0,94.9559725036548,68.4871639794258,-7.815768286123863,2.70713436065448,0.8058026212338252,0.5566369263132174
200,30.11672026623,32.9107045158234,34337.0290366774,4.0,118.751390715479,87.3995521192375,1.9449030805182517,3.56219228455722,-13.7473873422109,158.111340553255
201,24.3124624878008,26.7246188815952,15001.3581081468,4.0,100.647852291414,73.4910316813478,1.4157413716822376,3.14490513929461,4.46423915718226,16.498996908357995
202,19.8754525426078,22.1899995970302,5561.52803662575,4.0,80.7824519327279,59.6922676513576,3.426254263684619,2.93235146363261,15.3587608501198,259.340391466387
203,23.0031747449143,27.0079989274061,14847.5544396453,2.0,87.7235306365754,63.7873893213989,63.3252886503217,3.28294797379973,13.8745945912419,204.476999503367
204,26.0824036752418,28.309754582267,15993.5440167553,1.0,98.9359973502862,75.1010533203755,98.5188373167736,3.20007274947914,-14.8099798798658,198.525316012408
205,14.1173422514087,15.1236085503273,6363.67304113606,1.0,58.0898914743772,42.0812171972148,57.7003208735252,2.46669476572828,-10.2256259297588,57.9975869900024
206,16.9532998284002,19.0440453438235,3491.1416776714104,1.0,63.1379597918639,50.9257556486458,64.9197310125425,2.78431028448931,-18.289645799017,330.149045880376
207,21.9363128660498,24.3731567854496,10990.6925888277,1.0,88.4772309522385,70.9813903102362,87.5436239671509,3.12123411629508,1.46344697162608,5.938423001017071
208,13.0042992775859,14.7864436605012,2313.07799851042,3.0,52.4970410943037,32.9726861991971,1.7464104173711021,2.49322470468142,-3.15598574548443,15.600783654540493
209,26.1624592535781,27.3421414007026,18124.6108955053,2.0,106.194111686894,79.8404360100622,79.4059049210448,3.03215291041346,4.48628807257862,38.4621380439385
210,20.0775375032449,22.6779081571583,15631.8726883354,4.0,81.8619273494036,64.2025234223278,1.8176307141985788,3.03484671439703,15.3835674704273,370.444917399092
211,11.8952047401395,17.0135730883405,4145.608927844649,2.0,52.6913100338139,32.9026108193038,30.9397414197334,2.24195245431193,15.6104531771248,366.607284976096
212,16.6726766784767,21.0878342243882,9075.43558608686,4.0,64.3584252384297,50.6575691255946,3.5064924686389496,2.77698628525819,8.958299612404868,55.0582384195831
213,17.1257974521345,20.6905625679082,13954.4885946231,4.0,67.3467633000458,51.21272928911,2.8573236015724426,2.79738558406556,-6.90833375482797,50.0981510112527
214,15.4905351226601,17.4092379584606,7223.95099622479,1.0,62.4631930818847,47.8436699534967,62.907138079682,2.96817899147556,0.757044954920455,0.05083498565797129
215,27.4579968518273,29.5160207583202,34879.7315109849,4.0,106.451477300106,83.8445324369011,3.5948584634491283,3.54940751667126,-12.6606592863784,204.726816447142
216,19.313603414031,22.0694199707992,13956.4483339345,4.0,75.2203763589044,58.4820680279855,2.089377845290329,2.89788376489641,-4.78547225128053,7.066640665709457
217,20.541408490389,24.6268970442118,10111.2824398062,3.0,80.7900381769704,65.8266523124625,2.8218961339847795,3.2046898573243,-6.19245654479341,52.7481866451849
218,14.8239244834241,18.3822683105673,4687.580917423191,3.0,60.8738806514567,47.3357877882217,2.602222613588168,2.41049874769836,0.285214071329791,1.8052343516850442
219,17.7762804063913,18.6000520558333,7444.121442352,2.0,72.717084286011,55.8522535197478,54.2906677582182,2.59867340353509,-1.98020540789549,5.822951663119255
220,19.0197536715623,22.8970549028767,8885.23966786531,4.0,70.1150454940221,55.4346528055905,1.0204207429955474,2.76314389142343,-1.26506831072042,11.005624272800503
221,13.6531775412525,17.4957128770206,1914.9413487070105,4.0,55.6343783628973,40.3336065670894,3.3041407809823014,2.67780254202496,2.85184462682229,8.120976327321301
222,24.7676059232536,27.7160219351232,26338.914326994905,2.0,99.3668994730997,71.1597866583838,70.8934051620272,3.15063681937312,-16.7752250294632,313.166567147668
223,22.3627332691293,24.6726118662838,19570.7688682171,2.0,91.1244384426442,65.1558917198526,66.5014662942188,3.0009142703071,-16.1629996616667,264.78824786737
224,17.2061094930466,18.3671266477626,5071.267966636281,3.0,65.6349431753597,46.3224044471536,2.58237062760762,2.95029633856582,3.1513213088959096,1.5647415049718632
225,26.2103227986823,29.4933607157132,20297.97019382,2.0,104.029511097971,75.2389205839995,74.5246563380772,3.15836220553711,6.17819211842591,2.8559232868663997
226,19.9237076690692,20.6711175864149,8147.50648212293,3.0,85.0534598496452,54.933517308551,3.390635079212011,3.16420834609986,1.441947263506,0.06536766230279056
227,16.0410580540016,19.7754082409417,3328.168019803521,2.0,64.3513532236747,46.397369278807,46.0695295103012,2.81572466886773,-5.5709008577504795,31.072149929230306
228,17.9919062872631,21.1377120279129,12668.7354562355,4.0,71.9674456882943,55.4609996990899,5.55066019461605,2.94052617335139,-19.7549679907815,285.653694214318
229,10.5164935523197,12.8670649713957,2229.3195770992697,3.0,45.9373498384984,32.6481345297003,2.6788333742674197,2.30110817818894,-21.9827805945592,487.46710921997
230,24.8598746721245,27.2986503119849,19571.714780054,2.0,99.2686424583076,75.4590711812252,75.2599053694558,3.31714440268599,-18.1721373732807,306.118565396252
231,17.4302257204624,20.7650177696114,9027.7441791641,4.0,70.4747665855828,46.5830865089499,3.551132130454441,2.72463245640871,9.60517213855585,200.705364124044
232,20.0728083634495,23.1048267904619,9754.30750654995,2.0,83.4645048212453,58.3654360683177,58.0565167561811,2.84866452967639,4.73498489780053,2.5495717568984304
233,18.695322148959,22.9322393384036,7211.985736389459,3.0,71.3355476332709,54.7251018668983,0.7796717111685467,2.97910060360651,6.64110491485132,66.7061034732501
234,27.6117919600456,30.6682053838621,16387.7596544495,3.0,109.045723910578,81.3310546416384,3.3006977954859096,3.35864646071867,6.63467548886027,59.0567765092235
235,12.6331512710761,15.4877185626764,3227.2513290975094,4.0,53.7431038422843,36.9151898483297,3.148074996139801,2.36440620222497,17.1299050078007,352.49239035561595
236,19.9172099297315,22.3248603037945,8531.06182628498,1.0,81.8091560939787,55.5279477999644,82.7889975835348,3.03961155785804,-3.31584409613821,7.783099966448148
237,20.122703044408,21.8619900639528,11510.324003303,4.0,80.0209515332046,58.5779726092889,4.248841911699444,2.77686498289135,-1.72523599729402,6.04096984528428
238,19.9937150557026,22.3101092714281,9758.7918211373,2.0,86.9791191151813,59.5911520073471,60.1884910299699,3.01047631271333,8.61216602755135,85.0423031785792
239,17.8303364668759,20.6668992714083,7961.56799388902,1.0,72.2962210341365,50.0748780446153,72.5456235172866,2.68668653615349,-15.5120961010296,318.311665819362
240,17.9722047158623,20.5337312075988,17206.6571477289,1.0,72.8262377023887,55.2942186804617,73.9380366105333,2.54995162247815,-19.5387475984331,427.249430648622
241,20.7761665943632,23.1974635793765,11302.979251843,2.0,84.7124706304387,63.1463227181245,62.4841699041792,3.17480035490325,29.2603417730078,949.083168727391
242,15.1380909099541,19.7191813417856,2900.6682845418,3.0,55.7754921366141,48.8200592826553,3.554616063769469,2.75521217869543,13.3302592541327,300.784376092993
243,27.7408746520466,32.2815359624875,20594.7292268154,2.0,112.519790773411,85.3273952297562,86.8056100098573,3.218248021128,2.5107246793000795,6.473846742145511
244,18.1493833349664,21.8523643394048,8472.38597515623,3.0,72.3393666190139,60.0406909396331,5.348043706566159,2.96732023917854,-9.3150936527614,95.6351926910129
245,29.8076262842969,32.7438776664973,20558.7424896387,3.0,122.488895758185,96.2814970432587,3.949451266036501,3.66833937731311,7.22801708448959,59.3899251004121
246,16.9500221207446,19.2093981363677,5697.2347172862,2.0,69.2360853059099,52.6305206941159,53.9410352261499,2.93743349505128,12.7891730800413,242.406587126931
247,19.61285621296,21.5789090467979,6447.9137132134,1.0,79.6970254466664,52.3997351940933,79.1308927160487,3.12124804208778,-10.2576440260159,82.9720924713581
248,10.8557036865606,13.5596400240427,3059.92877631611,2.0,43.7100709746258,32.9180143408073,33.1952843567989,2.11915963359453,-3.8543101844522596,0.0015671553305480757
249,24.0296212095815,25.5866714846999,32302.438257605,4.0,94.6029170373379,70.7252574602942,2.336212263016691,3.00081467704613,-7.70382499774253,83.3888944664139
250,12.6120410996239,15.5848494462138,2338.7307539636276,1.0,53.8883470947067,43.3529192420924,55.3030956149183,2.40917425177502,-8.50273600929031,51.1454030020513
251,5.1337214350916405,9.695114413732819,735.7798742158066,1.0,24.8970669929925,11.710219623612701,22.7937358721282,1.54767194415719,-5.19414116329449,23.8316426086147
252,13.3011892901931,15.3101111321189,411.3039638127484,4.0,51.1986374314827,34.1718143680368,2.8778629810852685,2.5051970975921,-3.29984266882508,20.382281944161292
253,18.6707898682175,21.6749838540824,9998.4502032765,3.0,76.0652143097529,56.4102782399915,2.569390796531682,2.99864488117626,0.012938109576128398,6.884107810600938
254,18.0800329585617,21.0352281167712,4849.43780684503,4.0,70.174347344126,56.2714874099791,3.8506205462157403,3.0091533170321,0.8497847601119499,5.251731541121856
255,16.9852883501791,19.2966346809946,10743.4228004328,2.0,68.5624361389951,51.0898181279135,51.2799517174471,2.72352726540794,-12.9223738880004,86.6652022642785
256,16.7423798139103,19.6121251652772,4953.42515127399,2.0,70.4944765912635,53.529857550111,54.3284916158095,2.51976010705997,-9.892186745671399,236.796427630741
257,28.7883575464103,31.9434503340635,29791.7599822416,3.0,114.618750343148,82.4466556820834,1.986270854581413,3.53368662034918,15.610815541758,248.895294650822
258,19.9048256740633,24.182167226044,6322.07204001977,4.0,78.4279752305102,60.162379008345,0.909760809056877,2.98219347692557,-1.7324165218989198,0.4532452190468206
259,20.7764230623094,24.8299712745932,8110.59164102772,4.0,84.3417929660021,62.1352021703053,2.142744608874402,3.14258897370457,6.98302533163454,96.181569803786
260,16.1957677956921,18.8240512494156,4446.29958353019,2.0,61.9066393710056,51.3974750883044,50.6376757894075,2.59079875209207,-7.34555400896755,141.756324640915
261,12.2513654639487,15.1482329630521,1699.82552049872,1.0,48.6504373583985,34.0542958777786,47.5667501071754,2.62885798012644,-8.45890546748798,57.8586433437023
262,33.7508250586426,39.2488986647389,48269.9214981989,3.0,134.792892101196,104.228702333388,3.4420271321569302,3.79201509921715,7.888565937300341,62.5545892472004
263,25.2371162418725,27.4598553758604,30156.550620125,4.0,98.9224412774115,78.130755019951,3.59082939784437,3.30296416535204,-11.7328942758044,66.1496010840296
264,24.5899623688187,28.3473469461929,26789.644369544,4.0,99.8275196819018,74.8738388596619,3.5504165618618337,3.11974606577244,0.329988560134405,0.46710144344149285
265,22.3505475400886,25.373092575367,11343.0861573321,3.0,89.6220185669326,64.1363864533182,3.0735124602189394,2.90433017660501,-0.650360213438575,6.021181166432257
266,16.9131395608256,18.263108032901,13423.017627665,3.0,70.2389380079875,53.885570170741,3.51758570902588,2.88888908006276,-2.78447496254952,8.486709871400194
267,20.2105313635832,22.3214151475541,14491.2563591457,4.0,78.4686889096514,65.1780339966765,4.474347160823129,2.91240140753626,3.13890979473026,24.074847544727803
268,15.4905054935573,17.8821357715974,6514.46169903017,1.0,66.5653162700099,49.3852424335361,66.194977940938,2.78758762013802,3.14123185961785,39.8106920788055
269,26.6979160491127,29.4848531448487,16405.5263564801,4.0,106.139616036755,81.5868575411074,1.6079031473922285,3.19286191457597,4.03311544609502,6.355911056575906
270,24.0192717505073,28.4904830062803,24318.7107662979,1.0,95.0281775317455,70.5166420466818,95.7839395804199,3.17504352964195,-12.0444877222469,159.075964358277
271,21.5923932655662,25.0587817398437,9234.28648491171,4.0,85.5748456173306,65.3267955620575,1.5246916831974175,2.83400281685025,-14.4614965697161,260.164325671154
272,19.0477334667335,23.8660918281277,2944.49387039475,3.0,77.07819386972,57.4188881274045,4.873210855192248,2.96560155389083,-2.5221972364845,9.742144935390513
273,14.5636665469414,19.4870627592534,7222.49367873846,3.0,62.1219692620754,45.2983421556709,3.354617965188229,2.71324055796844,5.94443750171938,6.804341141289385
274,20.7269986455926,23.1879950812821,8589.5871199564,2.0,80.1726372154338,57.2568026177932,57.3372821074874,3.04926997434306,0.13779893012995398,17.0148871179656
275,32.3140012538388,34.9277224527492,48111.5938172995,1.0,130.913675636227,98.5694390624933,131.091720683413,3.50452167544295,22.9735208376521,556.255707340762
276,24.6180984610534,26.756290795173,35248.2208818008,2.0,95.6396388996932,71.0058026465387,71.4479214650349,3.23938664231105,3.30550932254634,18.474583151102394
277,23.7093834398946,26.3073768564911,11267.096322811,3.0,91.8214226700153,67.7180925364976,2.54942652135513,2.90109766327224,5.46944025250502,40.7341395342615
278,27.08010895948,30.6790717790934,21190.7696259893,3.0,108.344510561178,81.3781676172923,3.124880176715358,3.55724963410351,20.9980978817938,423.177169128688
279,26.2583168513229,29.3401541329307,23919.6669370851,4.0,102.989446538409,81.4340765445827,3.923581409416279,3.14218717144254,4.32635767985042,50.485301082498
280,30.5445284548056,33.8755542104715,22776.4231307058,1.0,120.671381647523,94.0667012156849,120.117837801549,3.54428190403223,19.2999221846209,418.74495173939
281,23.551563014634,26.0903160787204,16877.1949454115,3.0,91.5272855033654,69.0721096810353,2.39104722921563,3.02556719138299,7.68229299476619,75.5935542743157
282,12.624089956682198,15.9831291969913,3185.047679288229,1.0,49.2762004029237,43.0696793746196,49.5033044652715,2.4592715863369,-4.41473894284838,0.11245166445230836
283,17.0513675814172,19.535576402068,4540.150363838049,2.0,67.8624100734531,55.0877259529069,53.8484989007069,2.88802039195579,8.446698353866,92.8155344408919
284,20.69851623238,24.2857924558462,11774.4359219372,1.0,78.4283335409282,64.1432140226458,78.18607202647621,3.16443550942409,-7.5189835570487,77.8242277836981
285,17.4413788335264,22.0609898596884,5465.14730120191,3.0,74.1286599444443,55.568641157555,2.9254240878542817,2.84606579065467,4.08563418839756,12.945634680127398
286,20.7546867557657,24.1999179849576,5911.24736391817,4.0,79.74147254825,63.1831046761041,2.1522219661213597,3.04097445850674,10.2703673672476,111.237062951433
287,22.2101969766984,26.4654581782588,13348.6176903794,3.0,93.2125174879852,64.8715234262968,1.900045896779197,3.15624605261517,17.8619552799453,432.1187679979
288,19.1880043870041,21.6130977377841,8550.27041812736,1.0,77.3585043807488,50.8386008402605,76.9448842806427,2.93188605297867,-9.7332750069328,47.2635265819342
289,24.8591927051799,28.1752821929876,18448.8776409727,1.0,102.465691903734,80.142350915366,101.346058906215,3.20006210558536,-16.599264292092,217.11714421994
290,16.6436725910688,17.4558020261914,8456.52603789219,1.0,63.3655259399617,56.2140075502043,63.5554761421583,2.82319597185726,-5.6622329022077,36.5252507127529
291,28.1919858068258,33.5640871265294,12009.7313758912,2.0,113.758321283798,83.6798632351949,84.5533637864061,3.36725075410522,9.17506090524637,44.9962649625488
292,14.658636593334798,18.6352164631356,1418.4448308742794,3.0,59.5116169392335,46.7826773114474,2.381326421722612,2.78884257283232,4.57357719497407,19.353523246550395
293,19.9429393767113,23.5573911881842,9490.97944838869,4.0,78.5317009958684,59.2025642369406,2.5853943196199403,2.82981045951912,-14.5158082069168,288.201057688228
294,10.6735933017708,13.3583306476909,1007.3346044994105,3.0,46.9044773325071,31.9213262666756,3.67374756138744,2.33246648672229,-8.5146979140167,44.259827147635
295,20.0912543174979,23.3222922669856,6859.47777406678,1.0,77.2121968195116,63.8249525597643,76.5478682905365,2.9984394188396,20.4619903608561,451.88785336672095
296,18.764897272229,23.840377363035,4118.895246217529,1.0,73.5894177940165,58.2634699590509,75.1561462173053,2.87123227586862,2.34118204993222,0.3113053187464061
297,15.4028744387792,19.0555593372754,5158.96244540285,2.0,61.26597978663861,45.1372430157794,43.8671925405169,2.75148884522944,2.50812675312491,1.9955661152061168
298,9.13417783766743,12.0967815395519,3978.297731431161,3.0,34.2800473401006,29.536598460125205,4.76011072207071,2.32642003053789,-11.1893725311488,122.723806961883
299,16.7531147277324,19.0467232203602,2387.5681564463794,3.0,64.8349758100227,52.6124207703985,3.7421572808613917,2.90010598239195,-0.581173473713763,14.312412162295402
